Scenario, 0

Time, ActionID, Action Parameters...
104357, 1820, 6, 10000
104357, 1818, 0, 5
104357, 1819, 0, 5
104357, 1819, 2, 80
104357, 1818, 2, 80
104357, 1809, 0
104357, 1809, 4
104357, 1809, 5
104357, 1809, 8
104357, 1809, 9
104357, 1809, 14
104357, 1809, 21
104357, 1809, 40
104357, 1816, 0
104357, 1816, 1
104357, 1816, 2
104357, 1816, 3
104357, 1816, 4
104361, 1810, 0
104361, 1809, 1
104361, 1809, 2
104361, 1809, 3
104361, 1810, 4
104361, 1810, 5
104361, 1809, 6
104361, 1809, 7
104361, 1810, 8
104361, 1810, 9
104361, 1809, 10
104361, 1809, 11
104361, 1809, 12
104361, 1810, 14
104361, 1809, 15
104361, 1810, 21
104361, 1809, 38
104361, 1810, 40
104362, 1801, 1019, 50
104362, 1801, 1022, 50
104362, 1801, 1023, 50
104362, 1814, 0
104362, 1814, 4
104362, 1814, 5
104362, 1814, 8
104362, 1814, 9
104362, 1814, 13
104362, 1814, 14
104362, 1814, 16
104362, 1814, 17
104362, 1814, 18
104362, 1814, 19
104362, 1814, 20
104362, 1814, 21
104362, 1814, 22
104362, 1814, 23
104362, 1814, 24
104362, 1814, 25
104362, 1814, 26
104362, 1814, 27
104362, 1814, 28
104362, 1814, 29
104362, 1814, 30
104362, 1814, 31
104362, 1814, 32
104362, 1814, 33
104362, 1814, 34
104362, 1814, 35
104362, 1814, 36
104362, 1814, 37
104362, 1814, 39
104362, 1814, 40
104365, 1810, 1
104365, 1810, 2
104365, 1810, 3
104365, 1810, 6
104365, 1810, 7
104365, 1810, 10
104365, 1810, 11
104365, 1810, 12
104365, 1809, 13
104365, 1810, 15
104365, 1809, 16
104365, 1809, 17
104365, 1809, 18
104365, 1809, 25
104365, 1809, 30
104365, 1809, 31
104365, 1809, 32
104365, 1809, 33
104365, 1809, 34
104365, 1809, 35
104365, 1810, 38
104366, 1814, 1
104366, 1814, 2
104366, 1814, 3
104366, 1814, 6
104366, 1814, 7
104366, 1814, 10
104366, 1814, 11
104366, 1814, 12
104366, 1814, 15
104366, 1814, 38
104367, 1800, 1024, 20
104369, 1810, 13
104369, 1810, 16
104369, 1810, 17
104369, 1810, 18
104369, 1809, 19
104369, 1809, 20
104369, 1809, 22
104369, 1809, 23
104369, 1809, 24
104369, 1810, 25
104369, 1809, 26
104369, 1809, 27
104369, 1809, 28
104369, 1809, 29
104369, 1810, 30
104369, 1810, 31
104369, 1810, 32
104369, 1810, 33
104369, 1810, 34
104369, 1810, 35
104369, 1809, 36
104369, 1809, 37
104369, 1809, 39
104370, 1814, 13
104370, 1814, 16
104370, 1814, 17
104370, 1814, 18
104370, 1814, 25
104370, 1814, 30
104370, 1814, 31
104370, 1814, 32
104370, 1814, 33
104370, 1814, 34
104370, 1814, 35
104373, 1809, 0
104373, 1809, 4
104373, 1809, 5
104373, 1809, 8
104373, 1809, 9
104373, 1809, 14
104373, 1810, 19
104373, 1810, 20
104373, 1809, 21
104373, 1810, 22
104373, 1810, 23
104373, 1810, 24
104373, 1810, 26
104373, 1810, 27
104373, 1810, 28
104373, 1810, 29
104373, 1810, 36
104373, 1810, 37
104373, 1810, 39
104373, 1809, 40
104374, 1814, 19
104374, 1814, 20
104374, 1814, 22
104374, 1814, 23
104374, 1814, 24
104374, 1814, 26
104374, 1814, 27
104374, 1814, 28
104374, 1814, 29
104374, 1814, 36
104374, 1814, 37
104374, 1814, 39
104377, 1810, 0
104377, 1809, 1
104377, 1809, 2
104377, 1809, 3
104377, 1810, 4
104377, 1810, 5
104377, 1809, 6
104377, 1809, 7
104377, 1810, 8
104377, 1810, 9
104377, 1809, 10
104377, 1809, 11
104377, 1809, 12
104377, 1810, 14
104377, 1809, 15
104377, 1810, 21
104377, 1809, 38
104377, 1810, 40
104378, 1814, 0
104378, 1814, 4
104378, 1814, 5
104378, 1814, 8
104378, 1814, 9
104378, 1814, 14
104378, 1814, 21
104378, 1814, 40
104382, 1810, 1
104382, 1810, 2
104382, 1810, 3
104382, 1810, 6
104382, 1810, 7
104382, 1810, 10
104382, 1810, 11
104382, 1810, 12
104382, 1809, 13
104382, 1810, 15
104382, 1809, 16
104382, 1809, 17
104382, 1809, 18
104382, 1809, 25
104382, 1809, 30
104382, 1809, 31
104382, 1809, 32
104382, 1809, 33
104382, 1809, 34
104382, 1809, 35
104382, 1810, 38
104385, 1814, 1
104385, 1814, 2
104385, 1814, 3
104385, 1814, 6
104385, 1814, 7
104385, 1814, 10
104385, 1814, 11
104385, 1814, 12
104385, 1814, 15
104385, 1814, 38
104387, 1810, 13
104387, 1810, 16
104387, 1810, 17
104387, 1810, 18
104387, 1809, 19
104387, 1809, 20
104387, 1809, 22
104387, 1809, 23
104387, 1809, 24
104387, 1810, 25
104387, 1809, 26
104387, 1809, 27
104387, 1809, 28
104387, 1809, 29
104387, 1810, 30
104387, 1810, 31
104387, 1810, 32
104387, 1810, 33
104387, 1810, 34
104387, 1810, 35
104387, 1809, 36
104387, 1809, 37
104387, 1809, 39
104388, 1814, 13
104388, 1814, 16
104388, 1814, 17
104388, 1814, 18
104388, 1814, 25
104388, 1814, 30
104388, 1814, 31
104388, 1814, 32
104388, 1814, 33
104388, 1814, 34
104388, 1814, 35
104392, 1809, 0
104392, 1809, 4
104392, 1809, 5
104392, 1809, 8
104392, 1809, 9
104392, 1809, 14
104392, 1810, 19
104392, 1810, 20
104392, 1809, 21
104392, 1810, 22
104392, 1810, 23
104392, 1810, 24
104392, 1810, 26
104392, 1810, 27
104392, 1810, 28
104392, 1810, 29
104392, 1810, 36
104392, 1810, 37
104392, 1810, 39
104392, 1809, 40
104393, 1814, 19
104393, 1814, 20
104393, 1814, 22
104393, 1814, 23
104393, 1814, 24
104393, 1814, 26
104393, 1814, 27
104393, 1814, 28
104393, 1814, 29
104393, 1814, 36
104393, 1814, 37
104393, 1814, 39
104396, 1810, 0
104396, 1809, 1
104396, 1809, 2
104396, 1809, 3
104396, 1810, 4
104396, 1810, 5
104396, 1809, 6
104396, 1809, 7
104396, 1810, 8
104396, 1810, 9
104396, 1809, 10
104396, 1809, 11
104396, 1809, 12
104396, 1810, 14
104396, 1809, 15
104396, 1810, 21
104396, 1809, 38
104396, 1810, 40
104400, 1810, 1
104400, 1810, 2
104400, 1810, 3
104400, 1810, 6
104400, 1810, 7
104400, 1810, 10
104400, 1810, 11
104400, 1810, 12
104400, 1809, 13
104400, 1810, 15
104400, 1809, 16
104400, 1809, 17
104400, 1809, 18
104400, 1809, 25
104400, 1809, 30
104400, 1809, 31
104400, 1809, 32
104400, 1809, 33
104400, 1809, 34
104400, 1809, 35
104400, 1810, 38
104404, 1810, 13
104404, 1810, 16
104404, 1810, 17
104404, 1810, 18
104404, 1809, 19
104404, 1809, 20
104404, 1809, 22
104404, 1809, 23
104404, 1809, 24
104404, 1810, 25
104404, 1809, 26
104404, 1809, 27
104404, 1809, 28
104404, 1809, 29
104404, 1810, 30
104404, 1810, 31
104404, 1810, 32
104404, 1810, 33
104404, 1810, 34
104404, 1810, 35
104404, 1809, 36
104404, 1809, 37
104404, 1809, 39
104407, 1814, 1
104407, 1814, 2
104407, 1814, 3
104407, 1814, 6
104407, 1814, 7
104407, 1814, 10
104407, 1814, 11
104407, 1814, 12
104407, 1814, 15
104407, 1814, 38
104408, 1810, 19
104408, 1810, 20
104408, 1810, 22
104408, 1810, 23
104408, 1810, 24
104408, 1810, 26
104408, 1810, 27
104408, 1810, 28
104408, 1810, 29
104408, 1810, 36
104408, 1810, 37
104408, 1810, 39
104410, 1809, 0
104410, 1809, 4
104410, 1809, 5
104410, 1809, 8
104410, 1809, 9
104410, 1814, 13
104410, 1809, 14
104410, 1814, 16
104410, 1814, 17
104410, 1814, 18
104410, 1809, 21
104410, 1814, 25
104410, 1814, 30
104410, 1814, 31
104410, 1814, 32
104410, 1814, 33
104410, 1814, 34
104410, 1814, 35
104410, 1809, 40
104410, 1816, 0
104410, 1816, 1
104410, 1816, 2
104410, 1816, 3
104410, 1816, 4
104411, 1814, 19
104411, 1814, 20
104411, 1814, 22
104411, 1814, 23
104411, 1814, 24
104411, 1814, 26
104411, 1814, 27
104411, 1814, 28
104411, 1814, 29
104411, 1814, 36
104411, 1814, 37
104411, 1814, 39
104414, 1810, 0
104414, 1809, 1
104414, 1809, 2
104414, 1809, 3
104414, 1810, 4
104414, 1810, 5
104414, 1809, 6
104414, 1809, 7
104414, 1810, 8
104414, 1810, 9
104414, 1809, 10
104414, 1809, 11
104414, 1809, 12
104414, 1810, 14
104414, 1809, 15
104414, 1810, 21
104414, 1809, 38
104414, 1810, 40
104415, 1814, 0
104415, 1814, 4
104415, 1814, 5
104415, 1814, 8
104415, 1814, 9
104415, 1814, 14
104415, 1814, 21
104415, 1814, 40
104418, 1810, 1
104418, 1810, 2
104418, 1810, 3
104418, 1810, 6
104418, 1810, 7
104418, 1810, 10
104418, 1810, 11
104418, 1810, 12
104418, 1809, 13
104418, 1810, 15
104418, 1809, 16
104418, 1809, 17
104418, 1809, 18
104418, 1809, 25
104418, 1809, 30
104418, 1809, 31
104418, 1809, 32
104418, 1809, 33
104418, 1809, 34
104418, 1809, 35
104418, 1810, 38
104419, 1814, 1
104419, 1814, 2
104419, 1814, 3
104419, 1814, 6
104419, 1814, 7
104419, 1814, 10
104419, 1814, 11
104419, 1814, 12
104419, 1814, 15
104419, 1814, 38
104422, 1810, 13
104422, 1810, 16
104422, 1810, 17
104422, 1810, 18
104422, 1809, 19
104422, 1809, 20
104422, 1809, 22
104422, 1809, 23
104422, 1809, 24
104422, 1810, 25
104422, 1809, 26
104422, 1809, 27
104422, 1809, 28
104422, 1809, 29
104422, 1810, 30
104422, 1810, 31
104422, 1810, 32
104422, 1810, 33
104422, 1810, 34
104422, 1810, 35
104422, 1809, 36
104422, 1809, 37
104422, 1809, 39
104426, 1809, 0
104426, 1809, 4
104426, 1809, 5
104426, 1809, 8
104426, 1809, 9
104426, 1809, 14
104426, 1810, 19
104426, 1810, 20
104426, 1809, 21
104426, 1810, 22
104426, 1810, 23
104426, 1810, 24
104426, 1810, 26
104426, 1810, 27
104426, 1810, 28
104426, 1810, 29
104426, 1810, 36
104426, 1810, 37
104426, 1810, 39
104426, 1809, 40
104427, 1814, 13
104427, 1814, 16
104427, 1814, 17
104427, 1814, 18
104427, 1814, 25
104427, 1814, 30
104427, 1814, 31
104427, 1814, 32
104427, 1814, 33
104427, 1814, 34
104427, 1814, 35
104430, 1810, 0
104430, 1809, 1
104430, 1809, 2
104430, 1809, 3
104430, 1810, 4
104430, 1810, 5
104430, 1809, 6
104430, 1809, 7
104430, 1810, 8
104430, 1810, 9
104430, 1809, 10
104430, 1809, 11
104430, 1809, 12
104430, 1810, 14
104430, 1809, 15
104430, 1810, 21
104430, 1809, 38
104430, 1810, 40
104431, 1814, 19
104431, 1814, 20
104431, 1814, 22
104431, 1814, 23
104431, 1814, 24
104431, 1814, 26
104431, 1814, 27
104431, 1814, 28
104431, 1814, 29
104431, 1814, 36
104431, 1814, 37
104431, 1814, 39
104435, 1814, 0
104435, 1810, 1
104435, 1810, 2
104435, 1810, 3
104435, 1814, 4
104435, 1814, 5
104435, 1810, 6
104435, 1810, 7
104435, 1814, 8
104435, 1814, 9
104435, 1810, 10
104435, 1810, 11
104435, 1810, 12
104435, 1809, 13
104435, 1814, 14
104435, 1810, 15
104435, 1809, 16
104435, 1809, 17
104435, 1809, 18
104435, 1814, 21
104435, 1809, 25
104435, 1809, 30
104435, 1809, 31
104435, 1809, 32
104435, 1809, 33
104435, 1809, 34
104435, 1809, 35
104435, 1810, 38
104435, 1814, 40
104438, 1814, 1
104438, 1814, 2
104438, 1814, 3
104438, 1814, 6
104438, 1814, 7
104438, 1814, 10
104438, 1814, 11
104438, 1814, 12
104438, 1814, 15
104438, 1814, 38
104440, 1810, 13
104440, 1810, 16
104440, 1810, 17
104440, 1810, 18
104440, 1809, 19
104440, 1809, 20
104440, 1809, 22
104440, 1809, 23
104440, 1809, 24
104440, 1810, 25
104440, 1809, 26
104440, 1809, 27
104440, 1809, 28
104440, 1809, 29
104440, 1810, 30
104440, 1810, 31
104440, 1810, 32
104440, 1810, 33
104440, 1810, 34
104440, 1810, 35
104440, 1809, 36
104440, 1809, 37
104440, 1809, 39
104443, 1814, 13
104443, 1814, 16
104443, 1814, 17
104443, 1814, 18
104443, 1814, 25
104443, 1814, 30
104443, 1814, 31
104443, 1814, 32
104443, 1814, 33
104443, 1814, 34
104443, 1814, 35
104445, 1809, 0
104445, 1809, 4
104445, 1809, 5
104445, 1809, 8
104445, 1809, 9
104445, 1809, 14
104445, 1810, 19
104445, 1810, 20
104445, 1809, 21
104445, 1810, 22
104445, 1810, 23
104445, 1810, 24
104445, 1810, 26
104445, 1810, 27
104445, 1810, 28
104445, 1810, 29
104445, 1810, 36
104445, 1810, 37
104445, 1810, 39
104445, 1809, 40
104447, 1814, 19
104447, 1814, 20
104447, 1814, 22
104447, 1814, 23
104447, 1814, 24
104447, 1814, 26
104447, 1814, 27
104447, 1814, 28
104447, 1814, 29
104447, 1814, 36
104447, 1814, 37
104447, 1814, 39
104449, 1810, 0
104449, 1809, 1
104449, 1809, 2
104449, 1809, 3
104449, 1810, 4
104449, 1810, 5
104449, 1809, 6
104449, 1809, 7
104449, 1810, 8
104449, 1810, 9
104449, 1809, 10
104449, 1809, 11
104449, 1809, 12
104449, 1810, 14
104449, 1809, 15
104449, 1810, 21
104449, 1809, 38
104449, 1810, 40
104453, 1810, 1
104453, 1810, 2
104453, 1810, 3
104453, 1810, 6
104453, 1810, 7
104453, 1810, 10
104453, 1810, 11
104453, 1810, 12
104453, 1809, 13
104453, 1810, 15
104453, 1809, 16
104453, 1809, 17
104453, 1809, 18
104453, 1809, 25
104453, 1809, 30
104453, 1809, 31
104453, 1809, 32
104453, 1809, 33
104453, 1809, 34
104453, 1809, 35
104453, 1810, 38
104457, 1810, 13
104457, 1810, 16
104457, 1810, 17
104457, 1810, 18
104457, 1809, 19
104457, 1809, 20
104457, 1809, 22
104457, 1809, 23
104457, 1809, 24
104457, 1810, 25
104457, 1809, 26
104457, 1809, 27
104457, 1809, 28
104457, 1809, 29
104457, 1810, 30
104457, 1810, 31
104457, 1810, 32
104457, 1810, 33
104457, 1810, 34
104457, 1810, 35
104457, 1809, 36
104457, 1809, 37
104457, 1809, 39
104459, 1814, 1
104459, 1814, 2
104459, 1814, 3
104459, 1814, 6
104459, 1814, 7
104459, 1814, 10
104459, 1814, 11
104459, 1814, 12
104459, 1814, 15
104459, 1814, 38
104461, 1810, 19
104461, 1810, 20
104461, 1810, 22
104461, 1810, 23
104461, 1810, 24
104461, 1810, 26
104461, 1810, 27
104461, 1810, 28
104461, 1810, 29
104461, 1810, 36
104461, 1810, 37
104461, 1810, 39
104462, 1809, 0
104462, 1809, 4
104462, 1809, 5
104462, 1809, 8
104462, 1809, 9
104462, 1814, 13
104462, 1809, 14
104462, 1814, 16
104462, 1814, 17
104462, 1814, 18
104462, 1809, 21
104462, 1814, 25
104462, 1814, 30
104462, 1814, 31
104462, 1814, 32
104462, 1814, 33
104462, 1814, 34
104462, 1814, 35
104462, 1809, 40
104462, 1816, 0
104462, 1816, 1
104462, 1816, 2
104462, 1816, 3
104462, 1816, 4
104465, 1814, 19
104465, 1814, 20
104465, 1814, 22
104465, 1814, 23
104465, 1814, 24
104465, 1814, 26
104465, 1814, 27
104465, 1814, 28
104465, 1814, 29
104465, 1814, 36
104465, 1814, 37
104465, 1814, 39
104466, 1810, 0
104466, 1809, 1
104466, 1809, 2
104466, 1809, 3
104466, 1810, 4
104466, 1810, 5
104466, 1809, 6
104466, 1809, 7
104466, 1810, 8
104466, 1810, 9
104466, 1809, 10
104466, 1809, 11
104466, 1809, 12
104466, 1810, 14
104466, 1809, 15
104466, 1810, 21
104466, 1809, 38
104466, 1810, 40
104467, 1814, 0
104467, 1814, 4
104467, 1814, 5
104467, 1814, 8
104467, 1814, 9
104467, 1814, 14
104467, 1814, 21
104467, 1814, 40
104468, 1801, 1021, 1000
104470, 1810, 1
104470, 1810, 2
104470, 1810, 3
104470, 1810, 6
104470, 1810, 7
104470, 1810, 10
104470, 1810, 11
104470, 1810, 12
104470, 1809, 13
104470, 1810, 15
104470, 1809, 16
104470, 1809, 17
104470, 1809, 18
104470, 1809, 25
104470, 1809, 30
104470, 1809, 31
104470, 1809, 32
104470, 1809, 33
104470, 1809, 34
104470, 1809, 35
104470, 1810, 38
104471, 1814, 1
104471, 1814, 2
104471, 1814, 3
104471, 1814, 6
104471, 1814, 7
104471, 1814, 10
104471, 1814, 11
104471, 1814, 12
104471, 1814, 15
104471, 1814, 38
104472, 1801, 1021, 500
104474, 1810, 13
104474, 1810, 16
104474, 1810, 17
104474, 1810, 18
104474, 1809, 19
104474, 1809, 20
104474, 1809, 22
104474, 1809, 23
104474, 1809, 24
104474, 1810, 25
104474, 1809, 26
104474, 1809, 27
104474, 1809, 28
104474, 1809, 29
104474, 1810, 30
104474, 1810, 31
104474, 1810, 32
104474, 1810, 33
104474, 1810, 34
104474, 1810, 35
104474, 1809, 36
104474, 1809, 37
104474, 1809, 39
104478, 1809, 0
104478, 1809, 4
104478, 1809, 5
104478, 1809, 8
104478, 1809, 9
104478, 1809, 14
104478, 1810, 19
104478, 1810, 20
104478, 1809, 21
104478, 1810, 22
104478, 1810, 23
104478, 1810, 24
104478, 1810, 26
104478, 1810, 27
104478, 1810, 28
104478, 1810, 29
104478, 1810, 36
104478, 1810, 37
104478, 1810, 39
104478, 1809, 40
104479, 1814, 13
104479, 1814, 16
104479, 1814, 17
104479, 1814, 18
104479, 1814, 25
104479, 1814, 30
104479, 1814, 31
104479, 1814, 32
104479, 1814, 33
104479, 1814, 34
104479, 1814, 35
104482, 1810, 0
104482, 1809, 1
104482, 1809, 2
104482, 1809, 3
104482, 1810, 4
104482, 1810, 5
104482, 1809, 6
104482, 1809, 7
104482, 1810, 8
104482, 1810, 9
104482, 1809, 10
104482, 1809, 11
104482, 1809, 12
104482, 1810, 14
104482, 1809, 15
104482, 1810, 21
104482, 1809, 38
104482, 1810, 40
104483, 1814, 19
104483, 1814, 20
104483, 1814, 22
104483, 1814, 23
104483, 1814, 24
104483, 1814, 26
104483, 1814, 27
104483, 1814, 28
104483, 1814, 29
104483, 1814, 36
104483, 1814, 37
104483, 1814, 39
104484, 1801, 1025, 1
104487, 1814, 0
104487, 1810, 1
104487, 1810, 2
104487, 1810, 3
104487, 1814, 4
104487, 1814, 5
104487, 1810, 6
104487, 1810, 7
104487, 1814, 8
104487, 1814, 9
104487, 1810, 10
104487, 1810, 11
104487, 1810, 12
104487, 1809, 13
104487, 1814, 14
104487, 1810, 15
104487, 1809, 16
104487, 1809, 17
104487, 1809, 18
104487, 1814, 21
104487, 1809, 25
104487, 1809, 30
104487, 1809, 31
104487, 1809, 32
104487, 1809, 33
104487, 1809, 34
104487, 1809, 35
104487, 1810, 38
104487, 1814, 40
104488, 1801, 1021, 500
104490, 1814, 1
104490, 1814, 2
104490, 1814, 3
104490, 1814, 6
104490, 1814, 7
104490, 1814, 10
104490, 1814, 11
104490, 1814, 12
104490, 1814, 15
104490, 1814, 38
104491, 1801, 1021, 500
104492, 1810, 13
104492, 1810, 16
104492, 1810, 17
104492, 1810, 18
104492, 1809, 19
104492, 1809, 20
104492, 1809, 22
104492, 1809, 23
104492, 1809, 24
104492, 1810, 25
104492, 1809, 26
104492, 1809, 27
104492, 1809, 28
104492, 1809, 29
104492, 1810, 30
104492, 1810, 31
104492, 1810, 32
104492, 1810, 33
104492, 1810, 34
104492, 1810, 35
104492, 1809, 36
104492, 1809, 37
104492, 1809, 39
104494, 1814, 13
104494, 1814, 16
104494, 1814, 17
104494, 1814, 18
104494, 1814, 25
104494, 1814, 30
104494, 1814, 31
104494, 1814, 32
104494, 1814, 33
104494, 1814, 34
104494, 1814, 35
104497, 1809, 0
104497, 1809, 4
104497, 1809, 5
104497, 1809, 8
104497, 1809, 9
104497, 1809, 14
104497, 1810, 19
104497, 1810, 20
104497, 1809, 21
104497, 1810, 22
104497, 1810, 23
104497, 1810, 24
104497, 1810, 26
104497, 1810, 27
104497, 1810, 28
104497, 1810, 29
104497, 1810, 36
104497, 1810, 37
104497, 1810, 39
104497, 1809, 40
104499, 1814, 19
104499, 1814, 20
104499, 1814, 22
104499, 1814, 23
104499, 1814, 24
104499, 1814, 26
104499, 1814, 27
104499, 1814, 28
104499, 1814, 29
104499, 1814, 36
104499, 1814, 37
104499, 1814, 39
104500, 1811, 19, 2000
104500, 1811, 20, 2000
104500, 1811, 22, 2000
104500, 1811, 23, 2000
104500, 1811, 24, 2000
104500, 1811, 26, 2000
104500, 1811, 27, 2000
104500, 1811, 28, 2000
104500, 1811, 29, 2000
104500, 1811, 36, 2000
104500, 1811, 37, 2000
104500, 1811, 39, 2000
104501, 1810, 0
104501, 1809, 1
104501, 1809, 2
104501, 1809, 3
104501, 1810, 4
104501, 1810, 5
104501, 1809, 6
104501, 1809, 7
104501, 1810, 8
104501, 1810, 9
104501, 1809, 10
104501, 1809, 11
104501, 1809, 12
104501, 1810, 14
104501, 1809, 15
104501, 1810, 21
104501, 1809, 38
104501, 1810, 40
104505, 1811, 0, 2000
104505, 1810, 1
104505, 1810, 2
104505, 1810, 3
104505, 1811, 4, 2000
104505, 1811, 5, 2000
104505, 1810, 6
104505, 1810, 7
104505, 1811, 8, 2000
104505, 1811, 9, 2000
104505, 1810, 10
104505, 1810, 11
104505, 1810, 12
104505, 1809, 13
104505, 1811, 14, 2000
104505, 1810, 15
104505, 1809, 16
104505, 1809, 17
104505, 1809, 18
104505, 1811, 21, 2000
104505, 1809, 25
104505, 1809, 30
104505, 1809, 31
104505, 1809, 32
104505, 1809, 33
104505, 1809, 34
104505, 1809, 35
104505, 1810, 38
104505, 1811, 40, 2000
104509, 1810, 13
104509, 1810, 16
104509, 1810, 17
104509, 1810, 18
104509, 1809, 19
104509, 1809, 20
104509, 1809, 22
104509, 1809, 23
104509, 1809, 24
104509, 1810, 25
104509, 1809, 26
104509, 1809, 27
104509, 1809, 28
104509, 1809, 29
104509, 1810, 30
104509, 1810, 31
104509, 1810, 32
104509, 1810, 33
104509, 1810, 34
104509, 1810, 35
104509, 1809, 36
104509, 1809, 37
104509, 1809, 39
104510, 1814, 1
104510, 1814, 2
104510, 1814, 3
104510, 1814, 6
104510, 1814, 7
104510, 1814, 10
104510, 1814, 11
104510, 1814, 12
104510, 1814, 15
104510, 1814, 38
104513, 1810, 19
104513, 1810, 20
104513, 1810, 22
104513, 1810, 23
104513, 1810, 24
104513, 1810, 26
104513, 1810, 27
104513, 1810, 28
104513, 1810, 29
104513, 1810, 36
104513, 1810, 37
104513, 1810, 39
104514, 1809, 0
104514, 1809, 4
104514, 1809, 5
104514, 1809, 8
104514, 1809, 9
104514, 1814, 13
104514, 1809, 14
104514, 1814, 16
104514, 1814, 17
104514, 1814, 18
104514, 1809, 21
104514, 1814, 25
104514, 1814, 30
104514, 1814, 31
104514, 1814, 32
104514, 1814, 33
104514, 1814, 34
104514, 1814, 35
104514, 1809, 40
104514, 1816, 0
104514, 1816, 1
104514, 1816, 2
104514, 1816, 3
104514, 1816, 4
104517, 1814, 19
104517, 1814, 20
104517, 1814, 22
104517, 1814, 23
104517, 1814, 24
104517, 1814, 26
104517, 1814, 27
104517, 1814, 28
104517, 1814, 29
104517, 1814, 36
104517, 1814, 37
104517, 1814, 39
104518, 1810, 0
104518, 1809, 1
104518, 1809, 2
104518, 1809, 3
104518, 1810, 4
104518, 1810, 5
104518, 1809, 6
104518, 1809, 7
104518, 1810, 8
104518, 1810, 9
104518, 1809, 10
104518, 1809, 11
104518, 1809, 12
104518, 1810, 14
104518, 1809, 15
104518, 1810, 21
104518, 1809, 38
104518, 1810, 40
104519, 1814, 0
104519, 1814, 4
104519, 1814, 5
104519, 1814, 8
104519, 1814, 9
104519, 1814, 14
104519, 1814, 21
104519, 1814, 40
104520, 1801, 1025, 10
104520, 1811, 0, 2000
104520, 1811, 4, 2000
104520, 1811, 5, 2000
104520, 1811, 8, 2000
104520, 1811, 9, 2000
104520, 1811, 14, 2000
104520, 1811, 21, 2000
104520, 1811, 40, 2000
104521, 1801, 1021, 500
104522, 1810, 1
104522, 1810, 2
104522, 1810, 3
104522, 1810, 6
104522, 1810, 7
104522, 1810, 10
104522, 1810, 11
104522, 1810, 12
104522, 1809, 13
104522, 1810, 15
104522, 1809, 16
104522, 1809, 17
104522, 1809, 18
104522, 1809, 25
104522, 1809, 30
104522, 1809, 31
104522, 1809, 32
104522, 1809, 33
104522, 1809, 34
104522, 1809, 35
104522, 1810, 38
104523, 1814, 1
104523, 1814, 2
104523, 1814, 3
104523, 1814, 6
104523, 1814, 7
104523, 1814, 10
104523, 1814, 11
104523, 1814, 12
104523, 1814, 15
104523, 1814, 38
104524, 1801, 1021, 1000
104524, 1811, 1, 2000
104524, 1811, 2, 2000
104524, 1811, 3, 2000
104524, 1811, 6, 2000
104524, 1811, 7, 2000
104524, 1811, 10, 2000
104524, 1811, 11, 2000
104524, 1811, 12, 2000
104524, 1811, 15, 2000
104524, 1811, 38, 2000
104526, 1810, 13
104526, 1810, 16
104526, 1810, 17
104526, 1810, 18
104526, 1809, 19
104526, 1809, 20
104526, 1809, 22
104526, 1809, 23
104526, 1809, 24
104526, 1810, 25
104526, 1809, 26
104526, 1809, 27
104526, 1809, 28
104526, 1809, 29
104526, 1810, 30
104526, 1810, 31
104526, 1810, 32
104526, 1810, 33
104526, 1810, 34
104526, 1810, 35
104526, 1809, 36
104526, 1809, 37
104526, 1809, 39
104527, 1811, 13, 2000
104527, 1811, 16, 2000
104527, 1811, 17, 2000
104527, 1811, 18, 2000
104527, 1811, 25, 2000
104527, 1811, 30, 2000
104527, 1811, 31, 2000
104527, 1811, 32, 2000
104527, 1811, 33, 2000
104527, 1811, 34, 2000
104527, 1811, 35, 2000
104530, 1809, 0
104530, 1809, 4
104530, 1809, 5
104530, 1809, 8
104530, 1809, 9
104530, 1809, 14
104530, 1810, 19
104530, 1810, 20
104530, 1809, 21
104530, 1810, 22
104530, 1810, 23
104530, 1810, 24
104530, 1810, 26
104530, 1810, 27
104530, 1810, 28
104530, 1810, 29
104530, 1810, 36
104530, 1810, 37
104530, 1810, 39
104530, 1809, 40
104531, 1801, 1021, 200
104531, 1814, 13
104531, 1814, 16
104531, 1814, 17
104531, 1814, 18
104531, 1811, 19, 2000
104531, 1811, 20, 2000
104531, 1811, 22, 2000
104531, 1811, 23, 2000
104531, 1811, 24, 2000
104531, 1814, 25
104531, 1811, 26, 2000
104531, 1811, 27, 2000
104531, 1811, 28, 2000
104531, 1811, 29, 2000
104531, 1814, 30
104531, 1814, 31
104531, 1814, 32
104531, 1814, 33
104531, 1814, 34
104531, 1814, 35
104531, 1811, 36, 2000
104531, 1811, 37, 2000
104531, 1811, 39, 2000
104534, 1810, 0
104534, 1809, 1
104534, 1809, 2
104534, 1809, 3
104534, 1810, 4
104534, 1810, 5
104534, 1809, 6
104534, 1809, 7
104534, 1810, 8
104534, 1810, 9
104534, 1809, 10
104534, 1809, 11
104534, 1809, 12
104534, 1810, 14
104534, 1809, 15
104534, 1810, 21
104534, 1809, 38
104534, 1810, 40
104535, 1814, 19
104535, 1814, 20
104535, 1814, 22
104535, 1814, 23
104535, 1814, 24
104535, 1814, 26
104535, 1814, 27
104535, 1814, 28
104535, 1814, 29
104535, 1814, 36
104535, 1814, 37
104535, 1814, 39
104536, 1811, 0, 1000
104536, 1811, 4, 1000
104536, 1811, 5, 1000
104536, 1811, 8, 1000
104536, 1811, 9, 1000
104536, 1811, 14, 1000
104536, 1811, 19, 1000
104536, 1811, 20, 1000
104536, 1811, 21, 1000
104536, 1811, 22, 1000
104536, 1811, 23, 1000
104536, 1811, 24, 1000
104536, 1811, 26, 1000
104536, 1811, 27, 1000
104536, 1811, 28, 1000
104536, 1811, 29, 1000
104536, 1811, 36, 1000
104536, 1811, 37, 1000
104536, 1811, 39, 1000
104536, 1811, 40, 1000
104537, 1801, 1021, 400
104539, 1810, 1
104539, 1810, 2
104539, 1810, 3
104539, 1810, 6
104539, 1810, 7
104539, 1810, 10
104539, 1810, 11
104539, 1810, 12
104539, 1809, 13
104539, 1810, 15
104539, 1809, 16
104539, 1809, 17
104539, 1809, 18
104539, 1809, 25
104539, 1809, 30
104539, 1809, 31
104539, 1809, 32
104539, 1809, 33
104539, 1809, 34
104539, 1809, 35
104539, 1810, 38
104540, 1814, 0
104540, 1814, 4
104540, 1814, 5
104540, 1814, 8
104540, 1814, 9
104540, 1814, 14
104540, 1814, 21
104540, 1814, 40
104541, 1801, 1021, 400
104541, 1811, 0, 1000
104541, 1811, 4, 1000
104541, 1811, 5, 1000
104541, 1811, 8, 1000
104541, 1811, 9, 1000
104541, 1811, 14, 1000
104541, 1811, 21, 1000
104541, 1811, 40, 1000
104542, 1814, 1
104542, 1814, 2
104542, 1814, 3
104542, 1814, 6
104542, 1814, 7
104542, 1814, 10
104542, 1814, 11
104542, 1814, 12
104542, 1814, 15
104542, 1814, 38
104543, 1811, 0, 2000
104543, 1811, 1, 2000
104543, 1811, 2, 2000
104543, 1811, 3, 2000
104543, 1811, 4, 2000
104543, 1811, 5, 2000
104543, 1811, 6, 2000
104543, 1811, 7, 2000
104543, 1811, 8, 2000
104543, 1811, 9, 2000
104543, 1811, 10, 2000
104543, 1811, 11, 2000
104543, 1811, 12, 2000
104543, 1811, 14, 2000
104543, 1811, 15, 2000
104543, 1811, 21, 2000
104543, 1811, 38, 2000
104543, 1811, 40, 2000
104544, 1810, 13
104544, 1810, 16
104544, 1810, 17
104544, 1810, 18
104544, 1809, 19
104544, 1809, 20
104544, 1809, 22
104544, 1809, 23
104544, 1809, 24
104544, 1810, 25
104544, 1809, 26
104544, 1809, 27
104544, 1809, 28
104544, 1809, 29
104544, 1810, 30
104544, 1810, 31
104544, 1810, 32
104544, 1810, 33
104544, 1810, 34
104544, 1810, 35
104544, 1809, 36
104544, 1809, 37
104544, 1809, 39
104546, 1814, 13
104546, 1814, 16
104546, 1814, 17
104546, 1814, 18
104546, 1814, 25
104546, 1814, 30
104546, 1814, 31
104546, 1814, 32
104546, 1814, 33
104546, 1814, 34
104546, 1814, 35
104547, 1811, 13, 1000
104547, 1811, 16, 1000
104547, 1811, 17, 1000
104547, 1811, 18, 1000
104547, 1811, 25, 1000
104547, 1811, 30, 1000
104547, 1811, 31, 1000
104547, 1811, 32, 1000
104547, 1811, 33, 1000
104547, 1811, 34, 1000
104547, 1811, 35, 1000
104548, 1801, 1021, 1000
104549, 1809, 0
104549, 1809, 4
104549, 1809, 5
104549, 1809, 8
104549, 1809, 9
104549, 1809, 14
104549, 1810, 19
104549, 1810, 20
104549, 1809, 21
104549, 1810, 22
104549, 1810, 23
104549, 1810, 24
104549, 1810, 26
104549, 1810, 27
104549, 1810, 28
104549, 1810, 29
104549, 1810, 36
104549, 1810, 37
104549, 1810, 39
104549, 1809, 40
104551, 1811, 19, 1000
104551, 1811, 20, 1000
104551, 1811, 22, 1000
104551, 1811, 23, 1000
104551, 1811, 24, 1000
104551, 1811, 26, 1000
104551, 1811, 27, 1000
104551, 1811, 28, 1000
104551, 1811, 29, 1000
104551, 1811, 36, 1000
104551, 1811, 37, 1000
104551, 1811, 39, 1000
104553, 1810, 0
104553, 1809, 1
104553, 1809, 2
104553, 1809, 3
104553, 1810, 4
104553, 1810, 5
104553, 1809, 6
104553, 1809, 7
104553, 1810, 8
104553, 1810, 9
104553, 1809, 10
104553, 1809, 11
104553, 1809, 12
104553, 1810, 14
104553, 1809, 15
104553, 1810, 21
104553, 1809, 38
104553, 1810, 40
104554, 1801, 1025, 1
104557, 1811, 0, 1000
104557, 1810, 1
104557, 1810, 2
104557, 1810, 3
104557, 1811, 4, 1000
104557, 1811, 5, 1000
104557, 1810, 6
104557, 1810, 7
104557, 1811, 8, 1000
104557, 1811, 9, 1000
104557, 1810, 10
104557, 1810, 11
104557, 1810, 12
104557, 1809, 13
104557, 1811, 14, 1000
104557, 1810, 15
104557, 1809, 16
104557, 1809, 17
104557, 1809, 18
104557, 1811, 21, 1000
104557, 1809, 25
104557, 1809, 30
104557, 1809, 31
104557, 1809, 32
104557, 1809, 33
104557, 1809, 34
104557, 1809, 35
104557, 1810, 38
104557, 1811, 40, 1000
104558, 1811, 19, 1000
104558, 1811, 20, 1000
104558, 1811, 22, 1000
104558, 1811, 23, 1000
104558, 1811, 24, 1000
104558, 1811, 26, 1000
104558, 1811, 27, 1000
104558, 1811, 28, 1000
104558, 1811, 29, 1000
104558, 1811, 36, 1000
104558, 1811, 37, 1000
104558, 1811, 39, 1000
104561, 1810, 13
104561, 1810, 16
104561, 1810, 17
104561, 1810, 18
104561, 1809, 19
104561, 1809, 20
104561, 1809, 22
104561, 1809, 23
104561, 1809, 24
104561, 1810, 25
104561, 1809, 26
104561, 1809, 27
104561, 1809, 28
104561, 1809, 29
104561, 1810, 30
104561, 1810, 31
104561, 1810, 32
104561, 1810, 33
104561, 1810, 34
104561, 1810, 35
104561, 1809, 36
104561, 1809, 37
104561, 1809, 39
104562, 1814, 1
104562, 1814, 2
104562, 1814, 3
104562, 1814, 6
104562, 1814, 7
104562, 1814, 10
104562, 1814, 11
104562, 1814, 12
104562, 1814, 15
104562, 1814, 38
104563, 1801, 1025, 8
104564, 1811, 1, 1000
104564, 1811, 2, 1000
104564, 1811, 3, 1000
104564, 1811, 6, 1000
104564, 1811, 7, 1000
104564, 1811, 10, 1000
104564, 1811, 11, 1000
104564, 1811, 12, 1000
104564, 1811, 15, 1000
104564, 1811, 38, 1000
104565, 1810, 19
104565, 1810, 20
104565, 1810, 22
104565, 1810, 23
104565, 1810, 24
104565, 1810, 26
104565, 1810, 27
104565, 1810, 28
104565, 1810, 29
104565, 1810, 36
104565, 1810, 37
104565, 1810, 39
104566, 1809, 0
104566, 1809, 4
104566, 1809, 5
104566, 1809, 8
104566, 1809, 9
104566, 1814, 13
104566, 1809, 14
104566, 1814, 16
104566, 1814, 17
104566, 1814, 18
104566, 1809, 21
104566, 1814, 25
104566, 1814, 30
104566, 1814, 31
104566, 1814, 32
104566, 1814, 33
104566, 1814, 34
104566, 1814, 35
104566, 1809, 40
104566, 1816, 0
104566, 1816, 1
104566, 1816, 2
104566, 1816, 3
104566, 1816, 4
104567, 1811, 13, 1000
104567, 1811, 16, 1000
104567, 1811, 17, 1000
104567, 1811, 18, 1000
104567, 1811, 25, 1000
104567, 1811, 30, 1000
104567, 1811, 31, 1000
104567, 1811, 32, 1000
104567, 1811, 33, 1000
104567, 1811, 34, 1000
104567, 1811, 35, 1000
104569, 1814, 19
104569, 1814, 20
104569, 1814, 22
104569, 1814, 23
104569, 1814, 24
104569, 1814, 26
104569, 1814, 27
104569, 1814, 28
104569, 1814, 29
104569, 1814, 36
104569, 1814, 37
104569, 1814, 39
104570, 1810, 0
104570, 1809, 1
104570, 1809, 2
104570, 1809, 3
104570, 1810, 4
104570, 1810, 5
104570, 1809, 6
104570, 1809, 7
104570, 1810, 8
104570, 1810, 9
104570, 1809, 10
104570, 1809, 11
104570, 1809, 12
104570, 1810, 14
104570, 1809, 15
104570, 1811, 19, 1000
104570, 1811, 20, 1000
104570, 1810, 21
104570, 1811, 22, 1000
104570, 1811, 23, 1000
104570, 1811, 24, 1000
104570, 1811, 26, 1000
104570, 1811, 27, 1000
104570, 1811, 28, 1000
104570, 1811, 29, 1000
104570, 1811, 36, 1000
104570, 1811, 37, 1000
104570, 1809, 38
104570, 1811, 39, 1000
104570, 1810, 40
104571, 1814, 0
104571, 1814, 4
104571, 1814, 5
104571, 1814, 8
104571, 1814, 9
104571, 1814, 14
104571, 1814, 21
104571, 1814, 40
104572, 1811, 0, 1000
104572, 1811, 4, 1000
104572, 1811, 5, 1000
104572, 1811, 8, 1000
104572, 1811, 9, 1000
104572, 1811, 14, 1000
104572, 1811, 21, 1000
104572, 1811, 40, 1000
104574, 1810, 1
104574, 1810, 2
104574, 1810, 3
104574, 1810, 6
104574, 1810, 7
104574, 1810, 10
104574, 1810, 11
104574, 1810, 12
104574, 1809, 13
104574, 1810, 15
104574, 1809, 16
104574, 1809, 17
104574, 1809, 18
104574, 1809, 25
104574, 1809, 30
104574, 1809, 31
104574, 1809, 32
104574, 1809, 33
104574, 1809, 34
104574, 1809, 35
104574, 1810, 38
104575, 1814, 1
104575, 1814, 2
104575, 1814, 3
104575, 1814, 6
104575, 1814, 7
104575, 1814, 10
104575, 1814, 11
104575, 1814, 12
104575, 1814, 15
104575, 1814, 38
104576, 1811, 1, 1000
104576, 1811, 2, 1000
104576, 1811, 3, 1000
104576, 1811, 6, 1000
104576, 1811, 7, 1000
104576, 1811, 10, 1000
104576, 1811, 11, 1000
104576, 1811, 12, 1000
104576, 1811, 15, 1000
104576, 1811, 38, 1000
104577, 1801, 1025, 4
104578, 1810, 13
104578, 1810, 16
104578, 1810, 17
104578, 1810, 18
104578, 1809, 19
104578, 1809, 20
104578, 1809, 22
104578, 1809, 23
104578, 1809, 24
104578, 1810, 25
104578, 1809, 26
104578, 1809, 27
104578, 1809, 28
104578, 1809, 29
104578, 1810, 30
104578, 1810, 31
104578, 1810, 32
104578, 1810, 33
104578, 1810, 34
104578, 1810, 35
104578, 1809, 36
104578, 1809, 37
104578, 1809, 39
104579, 1811, 13, 1000
104579, 1811, 16, 1000
104579, 1811, 17, 1000
104579, 1811, 18, 1000
104579, 1811, 25, 1000
104579, 1811, 30, 1000
104579, 1811, 31, 1000
104579, 1811, 32, 1000
104579, 1811, 33, 1000
104579, 1811, 34, 1000
104579, 1811, 35, 1000
104581, 1811, 1, 1000
104581, 1811, 2, 1000
104581, 1811, 3, 1000
104581, 1811, 6, 1000
104581, 1811, 7, 1000
104581, 1811, 10, 1000
104581, 1811, 11, 1000
104581, 1811, 12, 1000
104581, 1811, 15, 1000
104581, 1811, 38, 1000
104582, 1809, 0
104582, 1809, 4
104582, 1809, 5
104582, 1809, 8
104582, 1809, 9
104582, 1809, 14
104582, 1810, 19
104582, 1810, 20
104582, 1809, 21
104582, 1810, 22
104582, 1810, 23
104582, 1810, 24
104582, 1810, 26
104582, 1810, 27
104582, 1810, 28
104582, 1810, 29
104582, 1810, 36
104582, 1810, 37
104582, 1810, 39
104582, 1809, 40
104583, 1811, 19, 1000
104583, 1811, 20, 1000
104583, 1811, 22, 1000
104583, 1811, 23, 1000
104583, 1811, 24, 1000
104583, 1811, 26, 1000
104583, 1811, 27, 1000
104583, 1811, 28, 1000
104583, 1811, 29, 1000
104583, 1811, 36, 1000
104583, 1811, 37, 1000
104583, 1811, 39, 1000
104584, 1811, 13, 1000
104584, 1811, 16, 1000
104584, 1811, 17, 1000
104584, 1811, 18, 1000
104584, 1811, 25, 1000
104584, 1811, 30, 1000
104584, 1811, 31, 1000
104584, 1811, 32, 1000
104584, 1811, 33, 1000
104584, 1811, 34, 1000
104584, 1811, 35, 1000
104586, 1810, 0
104586, 1809, 1
104586, 1809, 2
104586, 1809, 3
104586, 1810, 4
104586, 1810, 5
104586, 1809, 6
104586, 1809, 7
104586, 1810, 8
104586, 1810, 9
104586, 1809, 10
104586, 1809, 11
104586, 1809, 12
104586, 1810, 14
104586, 1809, 15
104586, 1810, 21
104586, 1809, 38
104586, 1810, 40
104588, 1811, 0, 1000
104588, 1811, 4, 1000
104588, 1811, 5, 1000
104588, 1811, 8, 1000
104588, 1811, 9, 1000
104588, 1814, 13
104588, 1811, 14, 1000
104588, 1814, 16
104588, 1814, 17
104588, 1814, 18
104588, 1811, 21, 1000
104588, 1814, 25
104588, 1814, 30
104588, 1814, 31
104588, 1814, 32
104588, 1814, 33
104588, 1814, 34
104588, 1814, 35
104588, 1811, 40, 1000
104591, 1810, 1
104591, 1810, 2
104591, 1810, 3
104591, 1810, 6
104591, 1810, 7
104591, 1810, 10
104591, 1810, 11
104591, 1810, 12
104591, 1809, 13
104591, 1810, 15
104591, 1809, 16
104591, 1809, 17
104591, 1809, 18
104591, 1814, 19
104591, 1814, 20
104591, 1814, 22
104591, 1814, 23
104591, 1814, 24
104591, 1809, 25
104591, 1814, 26
104591, 1814, 27
104591, 1814, 28
104591, 1814, 29
104591, 1809, 30
104591, 1809, 31
104591, 1809, 32
104591, 1809, 33
104591, 1809, 34
104591, 1809, 35
104591, 1814, 36
104591, 1814, 37
104591, 1810, 38
104591, 1814, 39
104592, 1814, 0
104592, 1814, 4
104592, 1814, 5
104592, 1814, 8
104592, 1814, 9
104592, 1814, 14
104592, 1814, 21
104592, 1814, 40
104593, 1811, 0, 1000
104593, 1811, 4, 1000
104593, 1811, 5, 1000
104593, 1811, 8, 1000
104593, 1811, 9, 1000
104593, 1811, 14, 1000
104593, 1811, 21, 1000
104593, 1811, 40, 1000
104594, 1814, 1
104594, 1814, 2
104594, 1814, 3
104594, 1814, 6
104594, 1814, 7
104594, 1814, 10
104594, 1814, 11
104594, 1814, 12
104594, 1814, 15
104594, 1814, 38
104595, 1811, 0, 1000
104595, 1811, 1, 1000
104595, 1811, 2, 1000
104595, 1811, 3, 1000
104595, 1811, 4, 1000
104595, 1811, 5, 1000
104595, 1811, 6, 1000
104595, 1811, 7, 1000
104595, 1811, 8, 1000
104595, 1811, 9, 1000
104595, 1811, 10, 1000
104595, 1811, 11, 1000
104595, 1811, 12, 1000
104595, 1811, 14, 1000
104595, 1811, 15, 1000
104595, 1811, 21, 1000
104595, 1811, 38, 1000
104595, 1811, 40, 1000
104596, 1810, 13
104596, 1810, 16
104596, 1810, 17
104596, 1810, 18
104596, 1809, 19
104596, 1809, 20
104596, 1809, 22
104596, 1809, 23
104596, 1809, 24
104596, 1810, 25
104596, 1809, 26
104596, 1809, 27
104596, 1809, 28
104596, 1809, 29
104596, 1810, 30
104596, 1810, 31
104596, 1810, 32
104596, 1810, 33
104596, 1810, 34
104596, 1810, 35
104596, 1809, 36
104596, 1809, 37
104596, 1809, 39
104598, 1811, 0, 1000
104598, 1811, 4, 1000
104598, 1811, 5, 1000
104598, 1811, 8, 1000
104598, 1811, 9, 1000
104598, 1814, 13
104598, 1811, 14, 1000
104598, 1814, 16
104598, 1814, 17
104598, 1814, 18
104598, 1811, 21, 1000
104598, 1814, 25
104598, 1814, 30
104598, 1814, 31
104598, 1814, 32
104598, 1814, 33
104598, 1814, 34
104598, 1814, 35
104598, 1811, 40, 1000
104599, 1811, 13, 1000
104599, 1811, 16, 1000
104599, 1811, 17, 1000
104599, 1811, 18, 1000
104599, 1811, 25, 1000
104599, 1811, 30, 1000
104599, 1811, 31, 1000
104599, 1811, 32, 1000
104599, 1811, 33, 1000
104599, 1811, 34, 1000
104600, 1811, 1, 1000
104600, 1811, 2, 1000
104601, 1801, 1021, 1000
104601, 1809, 0
104601, 1809, 4
104601, 1809, 5
104601, 1809, 8
104601, 1809, 9
104601, 1809, 14
104601, 1810, 19
104601, 1810, 20
104601, 1809, 21
104601, 1810, 22
104601, 1810, 23
104601, 1810, 24
104601, 1810, 26
104601, 1810, 27
104601, 1810, 28
104601, 1810, 29
104601, 1810, 36
104601, 1810, 37
104601, 1810, 39
104601, 1809, 40
104602, 1811, 13, 1000
104602, 1811, 16, 1000
104602, 1811, 17, 1000
104602, 1811, 18, 1000
104604, 1801, 1025, 2
104605, 1810, 0
104605, 1809, 1
104605, 1809, 2
104605, 1809, 3
104605, 1810, 4
104605, 1810, 5
104605, 1809, 6
104605, 1809, 7
104605, 1810, 8
104605, 1810, 9
104605, 1809, 10
104605, 1809, 11
104605, 1809, 12
104605, 1811, 13, 1000
104605, 1810, 14
104605, 1809, 15
104605, 1811, 16, 1000
104605, 1811, 17, 1000
104605, 1811, 18, 1000
104605, 1810, 21
104605, 1811, 25, 1000
104605, 1811, 30, 1000
104605, 1811, 31, 1000
104605, 1809, 38
104605, 1810, 40
104609, 1811, 0, 1000
104609, 1810, 1
104609, 1810, 2
104609, 1810, 3
104609, 1811, 4, 1000
104609, 1811, 5, 1000
104609, 1810, 6
104609, 1810, 7
104609, 1811, 8, 1000
104609, 1811, 9, 1000
104609, 1810, 10
104609, 1810, 11
104609, 1810, 12
104609, 1809, 13
104609, 1811, 14, 1000
104609, 1810, 15
104609, 1809, 16
104609, 1809, 17
104609, 1809, 18
104609, 1811, 21, 1000
104609, 1809, 25
104609, 1809, 30
104609, 1809, 31
104609, 1809, 32
104609, 1809, 33
104609, 1809, 34
104609, 1809, 35
104609, 1810, 38
104610, 1811, 19, 1000
104610, 1811, 20, 1000
104610, 1811, 22, 1000
104613, 1810, 13
104613, 1810, 16
104613, 1810, 17
104613, 1810, 18
104613, 1809, 19
104613, 1809, 20
104613, 1809, 22
104613, 1809, 23
104613, 1809, 24
104613, 1810, 25
104613, 1809, 26
104613, 1809, 27
104613, 1809, 28
104613, 1809, 29
104613, 1810, 30
104613, 1810, 31
104613, 1810, 32
104613, 1810, 33
104613, 1810, 34
104613, 1810, 35
104613, 1809, 36
104613, 1809, 37
104613, 1809, 39
104614, 1814, 1
104614, 1814, 2
104614, 1814, 3
104614, 1814, 6
104614, 1814, 7
104614, 1814, 10
104614, 1814, 11
104614, 1814, 12
104614, 1814, 15
104614, 1814, 38
104615, 1801, 1021, 400
104615, 1811, 1, 1000
104615, 1811, 2, 1000
104615, 1811, 3, 1000
104615, 1811, 6, 1000
104615, 1811, 7, 1000
104615, 1811, 10, 1000
104615, 1811, 11, 1000
104615, 1811, 12, 1000
104617, 1810, 19
104617, 1810, 20
104617, 1810, 22
104617, 1810, 23
104617, 1810, 24
104617, 1810, 26
104617, 1810, 27
104617, 1810, 28
104617, 1810, 29
104617, 1810, 36
104617, 1810, 37
104617, 1810, 39
104618, 1809, 0
104618, 1809, 4
104618, 1809, 5
104618, 1809, 8
104618, 1809, 9
104618, 1814, 13
104618, 1809, 14
104618, 1814, 16
104618, 1814, 17
104618, 1814, 18
104618, 1809, 21
104618, 1814, 25
104618, 1814, 30
104618, 1814, 31
104618, 1814, 32
104618, 1814, 33
104618, 1814, 34
104618, 1814, 35
104618, 1809, 40
104618, 1816, 0
104618, 1816, 1
104618, 1816, 2
104618, 1816, 3
104618, 1816, 4
104619, 1811, 13, 1000
104619, 1811, 16, 1000
104619, 1811, 17, 1000
104619, 1811, 18, 1000
104619, 1811, 25, 1000
104619, 1811, 30, 1000
104619, 1811, 31, 1000
104619, 1811, 32, 1000
104619, 1811, 33, 1000
104619, 1811, 34, 1000
104619, 1811, 35, 1000
104621, 1814, 19
104621, 1814, 20
104621, 1814, 22
104621, 1814, 23
104621, 1814, 24
104621, 1814, 26
104621, 1814, 27
104621, 1814, 28
104621, 1814, 29
104621, 1814, 36
104621, 1814, 37
104621, 1814, 39
104622, 1810, 0
104622, 1809, 1
104622, 1809, 2
104622, 1809, 3
104622, 1810, 4
104622, 1810, 5
104622, 1809, 6
104622, 1809, 7
104622, 1810, 8
104622, 1810, 9
104622, 1809, 10
104622, 1809, 11
104622, 1809, 12
104622, 1810, 14
104622, 1809, 15
104622, 1811, 19, 1000
104622, 1811, 20, 1000
104622, 1810, 21
104622, 1811, 22, 1000
104622, 1811, 23, 1000
104622, 1811, 24, 1000
104622, 1811, 26, 1000
104622, 1811, 27, 1000
104622, 1811, 28, 1000
104622, 1809, 38
104622, 1810, 40
104623, 1814, 0
104623, 1814, 4
104623, 1814, 5
104623, 1814, 8
104623, 1814, 9
104623, 1814, 14
104623, 1814, 21
104623, 1814, 40
104624, 1811, 0, 1000
104624, 1811, 4, 1000
104624, 1811, 5, 1000
104624, 1811, 8, 1000
104626, 1810, 1
104626, 1810, 2
104626, 1810, 3
104626, 1810, 6
104626, 1810, 7
104626, 1810, 10
104626, 1810, 11
104626, 1810, 12
104626, 1809, 13
104626, 1810, 15
104626, 1809, 16
104626, 1809, 17
104626, 1809, 18
104626, 1811, 19, 1000
104626, 1811, 20, 1000
104626, 1811, 22, 1000
104626, 1811, 23, 1000
104626, 1811, 24, 1000
104626, 1809, 25
104626, 1809, 30
104626, 1809, 31
104626, 1809, 32
104626, 1809, 33
104626, 1809, 34
104626, 1809, 35
104626, 1810, 38
104627, 1814, 1
104627, 1814, 2
104627, 1814, 3
104627, 1814, 6
104627, 1814, 7
104627, 1814, 10
104627, 1814, 11
104627, 1814, 12
104627, 1814, 15
104627, 1814, 38
104628, 1811, 0, 1000
104628, 1811, 1, 1000
104628, 1811, 2, 1000
104628, 1811, 3, 1000
104630, 1801, 1021, 400
104630, 1810, 13
104630, 1810, 16
104630, 1810, 17
104630, 1810, 18
104630, 1809, 19
104630, 1809, 20
104630, 1809, 22
104630, 1809, 23
104630, 1809, 24
104630, 1810, 25
104630, 1809, 26
104630, 1809, 27
104630, 1809, 28
104630, 1809, 29
104630, 1810, 30
104630, 1810, 31
104630, 1810, 32
104630, 1810, 33
104630, 1810, 34
104630, 1810, 35
104630, 1809, 36
104630, 1809, 37
104630, 1809, 39
104631, 1811, 13, 1000
104631, 1811, 16, 1000
104631, 1811, 17, 1000
104631, 1811, 18, 1000
104631, 1811, 25, 1000
104631, 1811, 30, 1000
104631, 1811, 31, 1000
104633, 1811, 1, 1000
104633, 1811, 2, 1000
104633, 1811, 3, 1000
104633, 1811, 6, 1000
104634, 1809, 0
104634, 1809, 4
104634, 1809, 5
104634, 1809, 8
104634, 1809, 9
104634, 1809, 14
104634, 1810, 19
104634, 1810, 20
104634, 1809, 21
104634, 1810, 22
104634, 1810, 23
104634, 1810, 24
104634, 1810, 26
104634, 1810, 27
104634, 1810, 28
104634, 1810, 29
104634, 1810, 36
104634, 1810, 37
104634, 1810, 39
104634, 1809, 40
104635, 1811, 19, 1000
104635, 1811, 20, 1000
104635, 1811, 22, 1000
104635, 1811, 23, 1000
104635, 1811, 24, 1000
104635, 1811, 26, 1000
104636, 1801, 1025, 4
104636, 1811, 13, 1000
104636, 1811, 16, 1000
104636, 1811, 17, 1000
104638, 1810, 0
104638, 1809, 1
104638, 1809, 2
104638, 1809, 3
104638, 1810, 4
104638, 1810, 5
104638, 1809, 6
104638, 1809, 7
104638, 1810, 8
104638, 1810, 9
104638, 1809, 10
104638, 1809, 11
104638, 1809, 12
104638, 1810, 14
104638, 1809, 15
104638, 1810, 21
104638, 1809, 38
104638, 1810, 40
104639, 1811, 19, 1000
104639, 1811, 20, 1000
104639, 1811, 22, 1000
104639, 1811, 23, 1000
104639, 1811, 24, 1000
104639, 1811, 26, 1000
104639, 1811, 27, 1000
104639, 1811, 28, 1000
104640, 1811, 0, 1000
104640, 1811, 4, 1000
104640, 1814, 13
104640, 1814, 16
104640, 1814, 17
104640, 1814, 18
104640, 1814, 25
104640, 1814, 30
104640, 1814, 31
104640, 1814, 32
104640, 1814, 33
104640, 1814, 34
104640, 1814, 35
104643, 1810, 1
104643, 1810, 2
104643, 1810, 3
104643, 1810, 6
104643, 1810, 7
104643, 1810, 10
104643, 1810, 11
104643, 1810, 12
104643, 1809, 13
104643, 1810, 15
104643, 1809, 16
104643, 1809, 17
104643, 1809, 18
104643, 1809, 25
104643, 1809, 30
104643, 1809, 31
104643, 1809, 32
104643, 1809, 33
104643, 1809, 34
104643, 1809, 35
104643, 1810, 38
104644, 1814, 0
104644, 1814, 4
104644, 1814, 5
104644, 1814, 8
104644, 1814, 9
104644, 1814, 14
104644, 1814, 21
104644, 1814, 40
104645, 1811, 0, 1000
104645, 1811, 4, 1000
104645, 1811, 5, 1000
104645, 1811, 8, 1000
104645, 1811, 9, 1000
104645, 1811, 14, 1000
104645, 1811, 21, 1000
104645, 1811, 40, 1000
104646, 1814, 1
104646, 1814, 2
104646, 1814, 3
104646, 1814, 6
104646, 1814, 7
104646, 1814, 10
104646, 1814, 11
104646, 1814, 12
104646, 1814, 15
104646, 1814, 38
104647, 1811, 0, 1000
104647, 1811, 1, 1000
104647, 1811, 2, 1000
104647, 1811, 3, 1000
104647, 1811, 4, 1000
104648, 1810, 13
104648, 1810, 16
104648, 1810, 17
104648, 1810, 18
104648, 1809, 19
104648, 1809, 20
104648, 1809, 22
104648, 1809, 23
104648, 1809, 24
104648, 1810, 25
104648, 1809, 26
104648, 1809, 27
104648, 1809, 28
104648, 1809, 29
104648, 1810, 30
104648, 1810, 31
104648, 1810, 32
104648, 1810, 33
104648, 1810, 34
104648, 1810, 35
104648, 1809, 36
104648, 1809, 37
104648, 1809, 39
104650, 1811, 0, 1000
104650, 1811, 4, 1000
104650, 1811, 5, 1000
104650, 1811, 8, 1000
104650, 1811, 9, 1000
104650, 1814, 13
104650, 1811, 14, 1000
104650, 1814, 16
104650, 1814, 17
104650, 1814, 18
104650, 1811, 21, 1000
104650, 1814, 25
104650, 1814, 30
104650, 1814, 31
104650, 1814, 32
104650, 1814, 33
104650, 1814, 34
104650, 1814, 35
104651, 1811, 13, 1000
104651, 1811, 16, 1000
104652, 1811, 1, 1000
104652, 1811, 2, 1000
104653, 1809, 0
104653, 1809, 4
104653, 1809, 5
104653, 1809, 8
104653, 1809, 9
104653, 1809, 14
104653, 1810, 19
104653, 1810, 20
104653, 1809, 21
104653, 1810, 22
104653, 1810, 23
104653, 1810, 24
104653, 1810, 26
104653, 1810, 27
104653, 1810, 28
104653, 1810, 29
104653, 1810, 36
104653, 1810, 37
104653, 1810, 39
104653, 1809, 40
104654, 1811, 13, 1000
104654, 1811, 16, 1000
104654, 1811, 17, 1000
104654, 1811, 18, 1000
104655, 1811, 19, 1000
104655, 1811, 20, 1000
104657, 1810, 0
104657, 1809, 1
104657, 1809, 2
104657, 1809, 3
104657, 1810, 4
104657, 1810, 5
104657, 1809, 6
104657, 1809, 7
104657, 1810, 8
104657, 1810, 9
104657, 1809, 10
104657, 1809, 11
104657, 1809, 12
104657, 1811, 13, 1000
104657, 1810, 14
104657, 1809, 15
104657, 1811, 16, 1000
104657, 1811, 17, 1000
104657, 1811, 18, 1000
104657, 1810, 21
104657, 1809, 38
104657, 1810, 40
104659, 1811, 19, 1000
104659, 1811, 20, 1000
104659, 1811, 22, 1000
104659, 1811, 23, 1000
104659, 1811, 24, 1000
104661, 1811, 0, 1000
104661, 1810, 1
104661, 1810, 2
104661, 1810, 3
104661, 1811, 4, 1000
104661, 1811, 5, 1000
104661, 1810, 6
104661, 1810, 7
104661, 1810, 10
104661, 1810, 11
104661, 1810, 12
104661, 1809, 13
104661, 1810, 15
104661, 1809, 16
104661, 1809, 17
104661, 1809, 18
104661, 1809, 25
104661, 1809, 30
104661, 1809, 31
104661, 1809, 32
104661, 1809, 33
104661, 1809, 34
104661, 1809, 35
104661, 1810, 38
104665, 1810, 13
104665, 1810, 16
104665, 1810, 17
104665, 1810, 18
104665, 1809, 19
104665, 1809, 20
104665, 1809, 22
104665, 1809, 23
104665, 1809, 24
104665, 1810, 25
104665, 1809, 26
104665, 1809, 27
104665, 1809, 28
104665, 1809, 29
104665, 1810, 30
104665, 1810, 31
104665, 1810, 32
104665, 1810, 33
104665, 1810, 34
104665, 1810, 35
104665, 1809, 36
104665, 1809, 37
104665, 1809, 39
104666, 1814, 1
104666, 1814, 2
104666, 1814, 3
104666, 1814, 6
104666, 1814, 7
104666, 1814, 10
104666, 1814, 11
104666, 1814, 12
104666, 1814, 15
104666, 1814, 38
104667, 1811, 1, 1000
104667, 1811, 2, 1000
104667, 1811, 3, 1000
104667, 1811, 6, 1000
104667, 1811, 7, 1000
104667, 1811, 10, 1000
104667, 1811, 11, 1000
104667, 1811, 12, 1000
104667, 1811, 15, 1000
104667, 1811, 38, 1000
104669, 1810, 19
104669, 1810, 20
104669, 1810, 22
104669, 1810, 23
104669, 1810, 24
104669, 1810, 26
104669, 1810, 27
104669, 1810, 28
104669, 1810, 29
104669, 1810, 36
104669, 1810, 37
104669, 1810, 39
104670, 1809, 0
104670, 1809, 4
104670, 1809, 5
104670, 1809, 8
104670, 1809, 9
104670, 1814, 13
104670, 1809, 14
104670, 1814, 16
104670, 1814, 17
104670, 1814, 18
104670, 1809, 21
104670, 1814, 25
104670, 1814, 30
104670, 1814, 31
104670, 1814, 32
104670, 1814, 33
104670, 1814, 34
104670, 1814, 35
104670, 1809, 40
104670, 1816, 0
104670, 1816, 1
104670, 1816, 2
104670, 1816, 3
104670, 1816, 4
104671, 1811, 13, 1000
104671, 1811, 16, 1000
104671, 1811, 17, 1000
104671, 1811, 18, 1000
104671, 1811, 25, 1000
104671, 1811, 30, 1000
104671, 1811, 31, 1000
104671, 1811, 32, 1000
104671, 1811, 33, 1000
104671, 1811, 34, 1000
104671, 1811, 35, 1000
104673, 1814, 19
104673, 1814, 20
104673, 1814, 22
104673, 1814, 23
104673, 1814, 24
104673, 1814, 26
104673, 1814, 27
104673, 1814, 28
104673, 1814, 29
104673, 1814, 36
104673, 1814, 37
104673, 1814, 39
104674, 1810, 0
104674, 1809, 1
104674, 1809, 2
104674, 1809, 3
104674, 1810, 4
104674, 1810, 5
104674, 1809, 6
104674, 1809, 7
104674, 1810, 8
104674, 1810, 9
104674, 1809, 10
104674, 1809, 11
104674, 1809, 12
104674, 1810, 14
104674, 1809, 15
104674, 1811, 19, 1000
104674, 1811, 20, 1000
104674, 1810, 21
104674, 1811, 22, 1000
104674, 1811, 23, 1000
104674, 1811, 24, 1000
104674, 1811, 26, 1000
104674, 1811, 27, 1000
104674, 1811, 28, 1000
104674, 1811, 29, 1000
104674, 1811, 36, 1000
104674, 1811, 37, 1000
104674, 1809, 38
104674, 1811, 39, 1000
104674, 1810, 40
104675, 1814, 0
104675, 1814, 4
104675, 1814, 5
104675, 1814, 8
104675, 1814, 9
104675, 1814, 14
104675, 1814, 21
104675, 1814, 40
104676, 1811, 0, 1000
104676, 1811, 4, 1000
104676, 1811, 5, 1000
104676, 1811, 8, 1000
104678, 1810, 1
104678, 1810, 2
104678, 1810, 3
104678, 1810, 6
104678, 1810, 7
104678, 1810, 10
104678, 1810, 11
104678, 1810, 12
104678, 1809, 13
104678, 1810, 15
104678, 1809, 16
104678, 1809, 17
104678, 1809, 18
104678, 1811, 19, 1000
104678, 1811, 20, 1000
104678, 1811, 22, 1000
104678, 1811, 23, 1000
104678, 1811, 24, 1000
104678, 1809, 25
104678, 1811, 26, 1000
104678, 1809, 30
104678, 1809, 31
104678, 1809, 32
104678, 1809, 33
104678, 1809, 34
104678, 1809, 35
104678, 1810, 38
104679, 1814, 1
104679, 1814, 2
104679, 1814, 3
104679, 1814, 6
104679, 1814, 7
104679, 1814, 10
104679, 1814, 11
104679, 1814, 12
104679, 1814, 15
104679, 1814, 38
104680, 1811, 0, 1000
104680, 1811, 1, 1000
104680, 1811, 2, 1000
104680, 1811, 3, 1000
104680, 1811, 4, 1000
104682, 1810, 13
104682, 1810, 16
104682, 1810, 17
104682, 1810, 18
104682, 1809, 19
104682, 1809, 20
104682, 1809, 22
104682, 1809, 23
104682, 1809, 24
104682, 1810, 25
104682, 1809, 26
104682, 1809, 27
104682, 1809, 28
104682, 1809, 29
104682, 1810, 30
104682, 1810, 31
104682, 1810, 32
104682, 1810, 33
104682, 1810, 34
104682, 1810, 35
104682, 1809, 36
104682, 1809, 37
104682, 1809, 39
104683, 1811, 13, 1000
104683, 1811, 16, 1000
104683, 1811, 17, 1000
104683, 1811, 18, 1000
104683, 1811, 25, 1000
104683, 1811, 30, 1000
104683, 1811, 31, 1000
104685, 1811, 1, 1000
104685, 1811, 2, 1000
104685, 1811, 3, 1000
104685, 1811, 6, 1000
104686, 1809, 0
104686, 1809, 4
104686, 1809, 5
104686, 1809, 8
104686, 1809, 9
104686, 1809, 14
104686, 1810, 19
104686, 1810, 20
104686, 1809, 21
104686, 1810, 22
104686, 1810, 23
104686, 1810, 24
104686, 1810, 26
104686, 1810, 27
104686, 1810, 28
104686, 1810, 29
104686, 1810, 36
104686, 1810, 37
104686, 1810, 39
104686, 1809, 40
104687, 1811, 19, 1000
104687, 1811, 20, 1000
104687, 1811, 22, 1000
104687, 1811, 23, 1000
104687, 1811, 24, 1000
104687, 1811, 26, 1000
104688, 1811, 13, 1000
104688, 1811, 16, 1000
104688, 1811, 17, 1000
104690, 1810, 0
104690, 1809, 1
104690, 1809, 2
104690, 1809, 3
104690, 1810, 4
104690, 1810, 5
104690, 1809, 6
104690, 1809, 7
104690, 1810, 8
104690, 1810, 9
104690, 1809, 10
104690, 1809, 11
104690, 1809, 12
104690, 1810, 14
104690, 1809, 15
104690, 1810, 21
104690, 1809, 38
104690, 1810, 40
104691, 1811, 19, 1000
104691, 1811, 20, 1000
104691, 1811, 22, 1000
104691, 1811, 23, 1000
104691, 1811, 24, 1000
104691, 1811, 26, 1000
104691, 1811, 27, 1000
104691, 1811, 28, 1000
104692, 1811, 0, 1000
104692, 1811, 4, 1000
104695, 1810, 1
104695, 1810, 2
104695, 1810, 3
104695, 1810, 6
104695, 1810, 7
104695, 1810, 10
104695, 1810, 11
104695, 1810, 12
104695, 1809, 13
104695, 1810, 15
104695, 1809, 16
104695, 1809, 17
104695, 1809, 18
104695, 1809, 25
104695, 1809, 30
104695, 1809, 31
104695, 1809, 32
104695, 1809, 33
104695, 1809, 34
104695, 1809, 35
104695, 1810, 38
104696, 1814, 0
104696, 1814, 4
104696, 1814, 5
104696, 1814, 8
104696, 1814, 9
104696, 1814, 14
104696, 1814, 21
104696, 1814, 40
104697, 1811, 0, 1000
104697, 1811, 4, 1000
104697, 1811, 5, 1000
104697, 1811, 8, 1000
104697, 1811, 9, 1000
104697, 1811, 14, 1000
104697, 1811, 21, 1000
104697, 1811, 40, 1000
104698, 1814, 1
104698, 1814, 2
104698, 1814, 3
104698, 1814, 6
104698, 1814, 7
104698, 1814, 10
104698, 1814, 11
104698, 1814, 12
104698, 1814, 15
104698, 1814, 38
104699, 1801, 1021, 1000
104699, 1811, 0, 1000
104699, 1811, 1, 1000
104699, 1811, 2, 1000
104699, 1811, 3, 1000
104699, 1811, 4, 1000
104700, 1810, 13
104700, 1810, 16
104700, 1810, 17
104700, 1810, 18
104700, 1809, 19
104700, 1809, 20
104700, 1809, 22
104700, 1809, 23
104700, 1809, 24
104700, 1810, 25
104700, 1809, 26
104700, 1809, 27
104700, 1809, 28
104700, 1809, 29
104700, 1810, 30
104700, 1810, 31
104700, 1810, 32
104700, 1810, 33
104700, 1810, 34
104700, 1810, 35
104700, 1809, 36
104700, 1809, 37
104700, 1809, 39
104702, 1811, 0, 1000
104702, 1811, 4, 1000
104702, 1811, 5, 1000
104702, 1811, 8, 1000
104702, 1811, 9, 1000
104702, 1814, 13
104702, 1811, 14, 1000
104702, 1814, 16
104702, 1814, 17
104702, 1814, 18
104702, 1811, 21, 1000
104702, 1814, 25
104702, 1814, 30
104702, 1814, 31
104702, 1814, 32
104702, 1814, 33
104702, 1814, 34
104702, 1814, 35
104703, 1811, 13, 1000
104703, 1811, 16, 1000
104704, 1811, 1, 1000
104704, 1811, 2, 1000
104705, 1809, 0
104705, 1809, 4
104705, 1809, 5
104705, 1809, 8
104705, 1809, 9
104705, 1809, 14
104705, 1810, 19
104705, 1810, 20
104705, 1809, 21
104705, 1810, 22
104705, 1810, 23
104705, 1810, 24
104705, 1810, 26
104705, 1810, 27
104705, 1810, 28
104705, 1810, 29
104705, 1810, 36
104705, 1810, 37
104705, 1810, 39
104705, 1809, 40
104706, 1811, 13, 1000
104706, 1811, 16, 1000
104706, 1811, 17, 1000
104706, 1811, 18, 1000
104706, 1814, 19
104706, 1814, 20
104706, 1814, 22
104706, 1814, 23
104706, 1814, 24
104706, 1811, 25, 1000
104706, 1814, 26
104706, 1814, 27
104706, 1814, 28
104706, 1814, 29
104706, 1814, 36
104706, 1814, 37
104706, 1814, 39
104707, 1811, 19, 1000
104707, 1811, 20, 1000
104707, 1811, 22, 1000
104707, 1811, 23, 1000
104709, 1810, 0
104709, 1809, 1
104709, 1809, 2
104709, 1809, 3
104709, 1810, 4
104709, 1810, 5
104709, 1809, 6
104709, 1809, 7
104709, 1810, 8
104709, 1810, 9
104709, 1809, 10
104709, 1809, 11
104709, 1809, 12
104709, 1811, 13, 1000
104709, 1810, 14
104709, 1809, 15
104709, 1811, 16, 1000
104709, 1811, 17, 1000
104709, 1811, 18, 1000
104709, 1810, 21
104709, 1811, 25, 1000
104709, 1809, 38
104709, 1810, 40
104711, 1811, 19, 1000
104711, 1811, 20, 1000
104711, 1811, 22, 1000
104711, 1811, 23, 1000
104711, 1811, 24, 1000
104711, 1811, 26, 1000
104713, 1811, 0, 1000
104713, 1810, 1
104713, 1810, 2
104713, 1810, 3
104713, 1811, 4, 1000
104713, 1811, 5, 1000
104713, 1810, 6
104713, 1810, 7
104713, 1811, 8, 1000
104713, 1810, 10
104713, 1810, 11
104713, 1810, 12
104713, 1809, 13
104713, 1810, 15
104713, 1809, 16
104713, 1809, 17
104713, 1809, 18
104713, 1809, 25
104713, 1809, 30
104713, 1809, 31
104713, 1809, 32
104713, 1809, 33
104713, 1809, 34
104713, 1809, 35
104713, 1810, 38
104717, 1810, 13
104717, 1810, 16
104717, 1810, 17
104717, 1810, 18
104717, 1809, 19
104717, 1809, 20
104717, 1809, 22
104717, 1809, 23
104717, 1809, 24
104717, 1810, 25
104717, 1809, 26
104717, 1809, 27
104717, 1809, 28
104717, 1809, 29
104717, 1810, 30
104717, 1810, 31
104717, 1810, 32
104717, 1810, 33
104717, 1810, 34
104717, 1810, 35
104717, 1809, 36
104717, 1809, 37
104717, 1809, 39
104718, 1814, 1
104718, 1814, 2
104718, 1814, 3
104718, 1814, 6
104718, 1814, 7
104718, 1814, 10
104718, 1814, 11
104718, 1814, 12
104718, 1814, 15
104718, 1814, 38
104719, 1811, 1, 1000
104719, 1811, 2, 1000
104719, 1811, 3, 1000
104719, 1811, 6, 1000
104719, 1811, 7, 1000
104719, 1811, 10, 1000
104719, 1811, 11, 1000
104719, 1811, 12, 1000
104719, 1811, 15, 1000
104719, 1811, 38, 1000
104721, 1810, 19
104721, 1810, 20
104721, 1810, 22
104721, 1810, 23
104721, 1810, 24
104721, 1810, 26
104721, 1810, 27
104721, 1810, 28
104721, 1810, 29
104721, 1810, 36
104721, 1810, 37
104721, 1810, 39
104723, 1809, 0
104723, 1809, 4
104723, 1809, 5
104723, 1809, 8
104723, 1809, 9
104723, 1814, 13
104723, 1809, 14
104723, 1814, 16
104723, 1814, 17
104723, 1814, 18
104723, 1809, 21
104723, 1814, 25
104723, 1814, 30
104723, 1814, 31
104723, 1814, 32
104723, 1814, 33
104723, 1814, 34
104723, 1814, 35
104723, 1809, 40
104723, 1816, 0
104723, 1816, 1
104723, 1816, 2
104723, 1816, 3
104723, 1816, 4
104724, 1811, 13, 1000
104724, 1811, 16, 1000
104724, 1811, 17, 1000
104724, 1811, 18, 1000
104724, 1811, 25, 1000
104724, 1811, 30, 1000
104724, 1811, 31, 1000
104724, 1811, 32, 1000
104724, 1811, 33, 1000
104724, 1811, 34, 1000
104724, 1811, 35, 1000
104726, 1814, 19
104726, 1814, 20
104726, 1814, 22
104726, 1814, 23
104726, 1814, 24
104726, 1814, 26
104726, 1814, 27
104726, 1814, 28
104726, 1814, 29
104726, 1814, 36
104726, 1814, 37
104726, 1814, 39
104727, 1810, 0
104727, 1809, 1
104727, 1809, 2
104727, 1809, 3
104727, 1810, 4
104727, 1810, 5
104727, 1809, 6
104727, 1809, 7
104727, 1810, 8
104727, 1810, 9
104727, 1809, 10
104727, 1809, 11
104727, 1809, 12
104727, 1810, 14
104727, 1809, 15
104727, 1811, 19, 1000
104727, 1811, 20, 1000
104727, 1810, 21
104727, 1811, 22, 1000
104727, 1811, 23, 1000
104727, 1811, 24, 1000
104727, 1811, 26, 1000
104727, 1811, 27, 1000
104727, 1811, 28, 1000
104727, 1811, 29, 1000
104727, 1811, 36, 1000
104727, 1811, 37, 1000
104727, 1809, 38
104727, 1811, 39, 1000
104727, 1810, 40
104728, 1814, 0
104728, 1814, 4
104728, 1814, 5
104728, 1814, 8
104728, 1814, 9
104728, 1814, 14
104728, 1814, 21
104728, 1814, 40
104729, 1811, 0, 1000
104729, 1811, 4, 1000
104729, 1811, 5, 1000
104729, 1811, 8, 1000
104729, 1811, 9, 1000
104729, 1811, 14, 1000
104729, 1811, 21, 1000
104729, 1811, 40, 1000
104731, 1810, 1
104731, 1810, 2
104731, 1810, 3
104731, 1810, 6
104731, 1810, 7
104731, 1810, 10
104731, 1810, 11
104731, 1810, 12
104731, 1809, 13
104731, 1810, 15
104731, 1809, 16
104731, 1809, 17
104731, 1809, 18
104731, 1811, 19, 1000
104731, 1811, 20, 1000
104731, 1811, 22, 1000
104731, 1811, 23, 1000
104731, 1811, 24, 1000
104731, 1809, 25
104731, 1811, 26, 1000
104731, 1811, 27, 1000
104731, 1811, 28, 1000
104731, 1809, 30
104731, 1809, 31
104731, 1809, 32
104731, 1809, 33
104731, 1809, 34
104731, 1809, 35
104731, 1810, 38
104732, 1814, 1
104732, 1814, 2
104732, 1814, 3
104732, 1814, 6
104732, 1814, 7
104732, 1814, 10
104732, 1814, 11
104732, 1814, 12
104732, 1814, 15
104732, 1814, 38
104733, 1811, 0, 1000
104733, 1811, 1, 1000
104733, 1811, 2, 1000
104735, 1810, 13
104735, 1810, 16
104735, 1810, 17
104735, 1810, 18
104735, 1809, 19
104735, 1809, 20
104735, 1809, 22
104735, 1809, 23
104735, 1809, 24
104735, 1810, 25
104735, 1809, 26
104735, 1809, 27
104735, 1809, 28
104735, 1809, 29
104735, 1810, 30
104735, 1810, 31
104735, 1810, 32
104735, 1810, 33
104735, 1810, 34
104735, 1810, 35
104735, 1809, 36
104735, 1809, 37
104735, 1809, 39
104736, 1811, 13, 1000
104736, 1811, 16, 1000
104736, 1811, 17, 1000
104736, 1811, 18, 1000
104736, 1811, 25, 1000
104736, 1811, 30, 1000
104736, 1811, 31, 1000
104738, 1801, 1025, 4
104738, 1811, 1, 1000
104738, 1811, 2, 1000
104738, 1811, 3, 1000
104739, 1809, 0
104739, 1809, 4
104739, 1809, 5
104739, 1809, 8
104739, 1809, 9
104739, 1809, 14
104739, 1810, 19
104739, 1810, 20
104739, 1809, 21
104739, 1810, 22
104739, 1810, 23
104739, 1810, 24
104739, 1810, 26
104739, 1810, 27
104739, 1810, 28
104739, 1810, 29
104739, 1810, 36
104739, 1810, 37
104739, 1810, 39
104739, 1809, 40
104740, 1811, 19, 1000
104740, 1811, 20, 1000
104740, 1811, 22, 1000
104740, 1811, 23, 1000
104740, 1811, 24, 1000
104741, 1811, 13, 1000
104741, 1811, 16, 1000
104741, 1811, 17, 1000
104743, 1810, 0
104743, 1809, 1
104743, 1809, 2
104743, 1809, 3
104743, 1810, 4
104743, 1810, 5
104743, 1809, 6
104743, 1809, 7
104743, 1810, 8
104743, 1810, 9
104743, 1809, 10
104743, 1809, 11
104743, 1809, 12
104743, 1810, 14
104743, 1809, 15
104743, 1810, 21
104743, 1809, 38
104743, 1810, 40
104744, 1811, 19, 1000
104744, 1811, 20, 1000
104744, 1811, 22, 1000
104744, 1811, 23, 1000
104744, 1811, 24, 1000
104744, 1811, 26, 1000
104744, 1811, 27, 1000
104745, 1811, 0, 1000
104745, 1811, 4, 1000
104748, 1814, 0
104748, 1810, 1
104748, 1810, 2
104748, 1810, 3
104748, 1814, 4
104748, 1814, 5
104748, 1810, 6
104748, 1810, 7
104748, 1814, 8
104748, 1814, 9
104748, 1810, 10
104748, 1810, 11
104748, 1810, 12
104748, 1809, 13
104748, 1814, 14
104748, 1810, 15
104748, 1809, 16
104748, 1809, 17
104748, 1809, 18
104748, 1814, 21
104748, 1809, 25
104748, 1809, 30
104748, 1809, 31
104748, 1809, 32
104748, 1809, 33
104748, 1809, 34
104748, 1809, 35
104748, 1810, 38
104748, 1814, 40
104749, 1811, 0, 1000
104749, 1811, 4, 1000
104749, 1811, 5, 1000
104749, 1811, 8, 1000
104749, 1811, 9, 1000
104749, 1811, 14, 1000
104749, 1811, 21, 1000
104751, 1814, 1
104751, 1814, 2
104751, 1814, 3
104751, 1814, 6
104751, 1814, 7
104751, 1814, 10
104751, 1814, 11
104751, 1814, 12
104751, 1814, 15
104751, 1814, 38
104752, 1811, 0, 1000
104752, 1811, 1, 1000
104752, 1811, 2, 1000
104752, 1811, 3, 1000
104752, 1811, 4, 1000
104753, 1810, 13
104753, 1810, 16
104753, 1810, 17
104753, 1810, 18
104753, 1809, 19
104753, 1809, 20
104753, 1809, 22
104753, 1809, 23
104753, 1809, 24
104753, 1810, 25
104753, 1809, 26
104753, 1809, 27
104753, 1809, 28
104753, 1809, 29
104753, 1810, 30
104753, 1810, 31
104753, 1810, 32
104753, 1810, 33
104753, 1810, 34
104753, 1810, 35
104753, 1809, 36
104753, 1809, 37
104753, 1809, 39
104755, 1811, 0, 1000
104755, 1811, 4, 1000
104755, 1811, 5, 1000
104755, 1811, 8, 1000
104755, 1811, 9, 1000
104755, 1814, 13
104755, 1814, 16
104755, 1814, 17
104755, 1814, 18
104755, 1814, 25
104755, 1814, 30
104755, 1814, 31
104755, 1814, 32
104755, 1814, 33
104755, 1814, 34
104755, 1814, 35
104756, 1811, 13, 1000
104756, 1811, 16, 1000
104756, 1811, 17, 1000
104757, 1811, 1, 1000
104757, 1811, 2, 1000
104757, 1811, 3, 1000
104758, 1809, 0
104758, 1809, 4
104758, 1809, 5
104758, 1809, 8
104758, 1809, 9
104758, 1809, 14
104758, 1810, 19
104758, 1810, 20
104758, 1809, 21
104758, 1810, 22
104758, 1810, 23
104758, 1810, 24
104758, 1810, 26
104758, 1810, 27
104758, 1810, 28
104758, 1810, 29
104758, 1810, 36
104758, 1810, 37
104758, 1810, 39
104758, 1809, 40
104759, 1811, 13, 1000
104759, 1811, 16, 1000
104759, 1811, 17, 1000
104759, 1811, 18, 1000
104759, 1814, 19
104759, 1814, 20
104759, 1814, 22
104759, 1814, 23
104759, 1814, 24
104759, 1814, 26
104759, 1814, 27
104759, 1814, 28
104759, 1814, 29
104759, 1814, 36
104759, 1814, 37
104759, 1814, 39
104760, 1811, 19, 1000
104760, 1811, 20, 1000
104762, 1810, 0
104762, 1809, 1
104762, 1809, 2
104762, 1809, 3
104762, 1810, 4
104762, 1810, 5
104762, 1809, 6
104762, 1809, 7
104762, 1810, 8
104762, 1810, 9
104762, 1809, 10
104762, 1809, 11
104762, 1809, 12
104762, 1811, 13, 1000
104762, 1810, 14
104762, 1809, 15
104762, 1811, 16, 1000
104762, 1811, 17, 1000
104762, 1811, 18, 1000
104762, 1810, 21
104762, 1811, 25, 1000
104762, 1809, 38
104762, 1810, 40
104764, 1811, 19, 1000
104764, 1811, 20, 1000
104764, 1811, 22, 1000
104764, 1811, 23, 1000
104764, 1811, 24, 1000
104764, 1811, 26, 1000
104766, 1811, 0, 1000
104766, 1810, 1
104766, 1810, 2
104766, 1810, 3
104766, 1811, 4, 1000
104766, 1811, 5, 1000
104766, 1810, 6
104766, 1810, 7
104766, 1811, 8, 1000
104766, 1810, 10
104766, 1810, 11
104766, 1810, 12
104766, 1809, 13
104766, 1810, 15
104766, 1809, 16
104766, 1809, 17
104766, 1809, 18
104766, 1809, 25
104766, 1809, 30
104766, 1809, 31
104766, 1809, 32
104766, 1809, 33
104766, 1809, 34
104766, 1809, 35
104766, 1810, 38
104770, 1810, 13
104770, 1810, 16
104770, 1810, 17
104770, 1810, 18
104770, 1809, 19
104770, 1809, 20
104770, 1809, 22
104770, 1809, 23
104770, 1809, 24
104770, 1810, 25
104770, 1809, 26
104770, 1809, 27
104770, 1809, 28
104770, 1809, 29
104770, 1810, 30
104770, 1810, 31
104770, 1810, 32
104770, 1810, 33
104770, 1810, 34
104770, 1810, 35
104770, 1809, 36
104770, 1809, 37
104770, 1809, 39
104771, 1814, 1
104771, 1814, 2
104771, 1814, 3
104771, 1814, 6
104771, 1814, 7
104771, 1814, 10
104771, 1814, 11
104771, 1814, 12
104771, 1814, 15
104771, 1814, 38
104772, 1811, 1, 1000
104772, 1811, 2, 1000
104772, 1811, 3, 1000
104772, 1811, 6, 1000
104772, 1811, 7, 1000
104772, 1811, 10, 1000
104772, 1811, 11, 1000
104772, 1811, 12, 1000
104772, 1811, 15, 1000
104772, 1811, 38, 1000
104774, 1810, 19
104774, 1810, 20
104774, 1810, 22
104774, 1810, 23
104774, 1810, 24
104774, 1810, 26
104774, 1810, 27
104774, 1810, 28
104774, 1810, 29
104774, 1810, 36
104774, 1810, 37
104774, 1810, 39
104775, 1809, 0
104775, 1809, 4
104775, 1809, 5
104775, 1809, 8
104775, 1809, 9
104775, 1814, 13
104775, 1809, 14
104775, 1814, 16
104775, 1814, 17
104775, 1814, 18
104775, 1809, 21
104775, 1814, 25
104775, 1814, 30
104775, 1814, 31
104775, 1814, 32
104775, 1814, 33
104775, 1814, 34
104775, 1814, 35
104775, 1809, 40
104775, 1816, 0
104775, 1816, 1
104775, 1816, 2
104775, 1816, 3
104775, 1816, 4
104776, 1811, 13, 1000
104776, 1811, 16, 1000
104776, 1811, 17, 1000
104776, 1811, 18, 1000
104776, 1811, 25, 1000
104776, 1811, 30, 1000
104776, 1811, 31, 1000
104776, 1811, 32, 1000
104776, 1811, 33, 1000
104776, 1811, 34, 1000
104776, 1811, 35, 1000
104778, 1814, 19
104778, 1814, 20
104778, 1814, 22
104778, 1814, 23
104778, 1814, 24
104778, 1814, 26
104778, 1814, 27
104778, 1814, 28
104778, 1814, 29
104778, 1814, 36
104778, 1814, 37
104778, 1814, 39
104779, 1810, 0
104779, 1809, 1
104779, 1809, 2
104779, 1809, 3
104779, 1810, 4
104779, 1810, 5
104779, 1809, 6
104779, 1809, 7
104779, 1810, 8
104779, 1810, 9
104779, 1809, 10
104779, 1809, 11
104779, 1809, 12
104779, 1810, 14
104779, 1809, 15
104779, 1811, 19, 1000
104779, 1811, 20, 1000
104779, 1810, 21
104779, 1811, 22, 1000
104779, 1811, 23, 1000
104779, 1811, 24, 1000
104779, 1811, 26, 1000
104779, 1811, 27, 1000
104779, 1811, 28, 1000
104779, 1811, 29, 1000
104779, 1811, 36, 1000
104779, 1811, 37, 1000
104779, 1809, 38
104779, 1811, 39, 1000
104779, 1810, 40
104780, 1814, 0
104780, 1814, 4
104780, 1814, 5
104780, 1814, 8
104780, 1814, 9
104780, 1814, 14
104780, 1814, 21
104780, 1814, 40
104781, 1811, 0, 1000
104781, 1811, 4, 1000
104781, 1811, 5, 1000
104781, 1811, 8, 1000
104783, 1801, 1025, 9
104783, 1810, 1
104783, 1810, 2
104783, 1810, 3
104783, 1810, 6
104783, 1810, 7
104783, 1810, 10
104783, 1810, 11
104783, 1810, 12
104783, 1809, 13
104783, 1810, 15
104783, 1809, 16
104783, 1809, 17
104783, 1809, 18
104783, 1811, 19, 1000
104783, 1811, 20, 1000
104783, 1811, 22, 1000
104783, 1811, 23, 1000
104783, 1811, 24, 1000
104783, 1809, 25
104783, 1811, 26, 1000
104783, 1811, 27, 1000
104783, 1809, 30
104783, 1809, 31
104783, 1809, 32
104783, 1809, 33
104783, 1809, 34
104783, 1809, 35
104783, 1810, 38
104784, 1814, 1
104784, 1814, 2
104784, 1814, 3
104784, 1814, 6
104784, 1814, 7
104784, 1814, 10
104784, 1814, 11
104784, 1814, 12
104784, 1814, 15
104784, 1814, 38
104785, 1811, 0, 1000
104785, 1811, 1, 1000
104785, 1811, 2, 1000
104787, 1810, 13
104787, 1810, 16
104787, 1810, 17
104787, 1810, 18
104787, 1809, 19
104787, 1809, 20
104787, 1809, 22
104787, 1809, 23
104787, 1809, 24
104787, 1810, 25
104787, 1809, 26
104787, 1809, 27
104787, 1809, 28
104787, 1809, 29
104787, 1810, 30
104787, 1810, 31
104787, 1810, 32
104787, 1810, 33
104787, 1810, 34
104787, 1810, 35
104787, 1809, 36
104787, 1809, 37
104787, 1809, 39
104788, 1811, 13, 1000
104788, 1811, 16, 1000
104788, 1811, 17, 1000
104788, 1811, 18, 1000
104788, 1811, 25, 1000
104790, 1811, 1, 1000
104790, 1811, 2, 1000
104790, 1811, 3, 1000
104790, 1811, 6, 1000
104791, 1809, 0
104791, 1809, 4
104791, 1809, 5
104791, 1809, 8
104791, 1809, 9
104791, 1809, 14
104791, 1810, 19
104791, 1810, 20
104791, 1809, 21
104791, 1810, 22
104791, 1810, 23
104791, 1810, 24
104791, 1810, 26
104791, 1810, 27
104791, 1810, 28
104791, 1810, 29
104791, 1810, 36
104791, 1810, 37
104791, 1810, 39
104791, 1809, 40
104792, 1811, 19, 1000
104792, 1811, 20, 1000
104792, 1811, 22, 1000
104792, 1811, 23, 1000
104792, 1811, 24, 1000
104793, 1811, 13, 1000
104793, 1811, 16, 1000
104793, 1811, 17, 1000
104795, 1810, 0
104795, 1809, 1
104795, 1809, 2
104795, 1809, 3
104795, 1810, 4
104795, 1810, 5
104795, 1809, 6
104795, 1809, 7
104795, 1810, 8
104795, 1810, 9
104795, 1809, 10
104795, 1809, 11
104795, 1809, 12
104795, 1810, 14
104795, 1809, 15
104795, 1810, 21
104795, 1809, 38
104795, 1810, 40
104796, 1811, 19, 1000
104796, 1811, 20, 1000
104796, 1811, 22, 1000
104796, 1811, 23, 1000
104796, 1811, 24, 1000
104796, 1811, 26, 1000
104796, 1811, 27, 1000
104796, 1811, 28, 1000
104797, 1811, 0, 1000
104797, 1811, 4, 1000
104800, 1814, 0
104800, 1810, 1
104800, 1810, 2
104800, 1810, 3
104800, 1814, 4
104800, 1814, 5
104800, 1810, 6
104800, 1810, 7
104800, 1814, 8
104800, 1814, 9
104800, 1810, 10
104800, 1810, 11
104800, 1810, 12
104800, 1809, 13
104800, 1814, 14
104800, 1810, 15
104800, 1809, 16
104800, 1809, 17
104800, 1809, 18
104800, 1814, 21
104800, 1809, 25
104800, 1809, 30
104800, 1809, 31
104800, 1809, 32
104800, 1809, 33
104800, 1809, 34
104800, 1809, 35
104800, 1810, 38
104800, 1814, 40
104801, 1811, 0, 1000
104801, 1811, 4, 1000
104801, 1811, 5, 1000
104801, 1811, 8, 1000
104801, 1811, 9, 1000
104801, 1811, 14, 1000
104801, 1811, 21, 1000
104801, 1811, 40, 1000
104803, 1814, 1
104803, 1814, 2
104803, 1814, 3
104803, 1814, 6
104803, 1814, 7
104803, 1814, 10
104803, 1814, 11
104803, 1814, 12
104803, 1814, 15
104803, 1814, 38
104804, 1811, 0, 1000
104804, 1811, 1, 1000
104804, 1811, 2, 1000
104804, 1811, 3, 1000
104804, 1811, 4, 1000
104804, 1811, 5, 1000
104805, 1810, 13
104805, 1810, 16
104805, 1810, 17
104805, 1810, 18
104805, 1809, 19
104805, 1809, 20
104805, 1809, 22
104805, 1809, 23
104805, 1809, 24
104805, 1810, 25
104805, 1809, 26
104805, 1809, 27
104805, 1809, 28
104805, 1809, 29
104805, 1810, 30
104805, 1810, 31
104805, 1810, 32
104805, 1810, 33
104805, 1810, 34
104805, 1810, 35
104805, 1809, 36
104805, 1809, 37
104805, 1809, 39
104806, 1814, 13
104806, 1814, 16
104806, 1814, 17
104806, 1814, 18
104806, 1814, 25
104806, 1814, 30
104806, 1814, 31
104806, 1814, 32
104806, 1814, 33
104806, 1814, 34
104806, 1814, 35
104807, 1811, 0, 1000
104807, 1811, 4, 1000
104807, 1811, 5, 1000
104807, 1811, 8, 1000
104807, 1811, 9, 1000
104807, 1811, 13, 1000
104809, 1811, 1, 1000
104809, 1811, 2, 1000
104809, 1811, 3, 1000
104809, 1811, 6, 1000
104810, 1809, 0
104810, 1809, 4
104810, 1809, 5
104810, 1809, 8
104810, 1809, 9
104810, 1809, 14
104810, 1810, 19
104810, 1810, 20
104810, 1809, 21
104810, 1810, 22
104810, 1810, 23
104810, 1810, 24
104810, 1810, 26
104810, 1810, 27
104810, 1810, 28
104810, 1810, 29
104810, 1810, 36
104810, 1810, 37
104810, 1810, 39
104810, 1809, 40
104811, 1811, 13, 1000
104811, 1811, 16, 1000
104811, 1811, 17, 1000
104811, 1811, 18, 1000
104811, 1814, 19
104811, 1814, 20
104811, 1814, 22
104811, 1814, 23
104811, 1814, 24
104811, 1811, 25, 1000
104811, 1814, 26
104811, 1814, 27
104811, 1814, 28
104811, 1814, 29
104811, 1814, 36
104811, 1814, 37
104811, 1814, 39
104812, 1811, 19, 1000
104812, 1811, 20, 1000
104812, 1811, 22, 1000
104812, 1811, 23, 1000
104812, 1811, 24, 1000
104814, 1810, 0
104814, 1809, 1
104814, 1809, 2
104814, 1809, 3
104814, 1810, 4
104814, 1810, 5
104814, 1809, 6
104814, 1809, 7
104814, 1810, 8
104814, 1810, 9
104814, 1809, 10
104814, 1809, 11
104814, 1809, 12
104814, 1811, 13, 1000
104814, 1810, 14
104814, 1809, 15
104814, 1811, 16, 1000
104814, 1811, 17, 1000
104814, 1811, 18, 1000
104814, 1810, 21
104814, 1811, 25, 1000
104814, 1809, 38
104814, 1810, 40
104816, 1811, 19, 1000
104816, 1811, 20, 1000
104816, 1811, 22, 1000
104816, 1811, 23, 1000
104816, 1811, 24, 1000
104816, 1811, 26, 1000
104818, 1811, 0, 1000
104818, 1810, 1
104818, 1810, 2
104818, 1810, 3
104818, 1811, 4, 1000
104818, 1811, 5, 1000
104818, 1810, 6
104818, 1810, 7
104818, 1811, 8, 1000
104818, 1811, 9, 1000
104818, 1810, 10
104818, 1810, 11
104818, 1810, 12
104818, 1809, 13
104818, 1810, 15
104818, 1809, 16
104818, 1809, 17
104818, 1809, 18
104818, 1809, 25
104818, 1809, 30
104818, 1809, 31
104818, 1809, 32
104818, 1809, 33
104818, 1809, 34
104818, 1809, 35
104818, 1810, 38
104822, 1810, 13
104822, 1810, 16
104822, 1810, 17
104822, 1810, 18
104822, 1809, 19
104822, 1809, 20
104822, 1809, 22
104822, 1809, 23
104822, 1809, 24
104822, 1810, 25
104822, 1809, 26
104822, 1809, 27
104822, 1809, 28
104822, 1809, 29
104822, 1810, 30
104822, 1810, 31
104822, 1810, 32
104822, 1810, 33
104822, 1810, 34
104822, 1810, 35
104822, 1809, 36
104822, 1809, 37
104822, 1809, 39
104823, 1814, 1
104823, 1814, 2
104823, 1814, 3
104823, 1814, 6
104823, 1814, 7
104823, 1814, 10
104823, 1814, 11
104823, 1814, 12
104823, 1814, 15
104823, 1814, 38
104824, 1811, 1, 1000
104824, 1811, 2, 1000
104824, 1811, 3, 1000
104824, 1811, 6, 1000
104824, 1811, 7, 1000
104824, 1811, 10, 1000
104824, 1811, 11, 1000
104824, 1811, 12, 1000
104824, 1811, 15, 1000
104824, 1811, 38, 1000
104826, 1810, 19
104826, 1810, 20
104826, 1810, 22
104826, 1810, 23
104826, 1810, 24
104826, 1810, 26
104826, 1810, 27
104826, 1810, 28
104826, 1810, 29
104826, 1810, 36
104826, 1810, 37
104826, 1810, 39
104827, 1809, 0
104827, 1809, 4
104827, 1809, 5
104827, 1809, 8
104827, 1809, 9
104827, 1814, 13
104827, 1809, 14
104827, 1814, 16
104827, 1814, 17
104827, 1814, 18
104827, 1809, 21
104827, 1814, 25
104827, 1814, 30
104827, 1814, 31
104827, 1814, 32
104827, 1814, 33
104827, 1814, 34
104827, 1814, 35
104827, 1809, 40
104827, 1816, 0
104827, 1816, 1
104827, 1816, 2
104827, 1816, 3
104827, 1816, 4
104828, 1811, 16, 16841
