Scenario, 2

Time, ActionID, Action Parameters...
104357, 1800, 1025, 150
104357, 1800, 1026, 50
104357, 1818, 0, 2
104357, 1818, 2, 20
104410, 1813, 0, 200
104419, 1814, 0
104422, 1811, 1, 8
104422, 1811, 2, 8
104422, 1811, 3, 8
104422, 1811, 4, 8
104422, 1811, 5, 8
104422, 1811, 6, 8
104422, 1811, 7, 8
104422, 1811, 8, 8
104422, 1811, 9, 8
104422, 1811, 10, 8
104422, 1811, 11, 8
104422, 1811, 12, 8
104422, 1811, 14, 8
104422, 1811, 15, 8
104422, 1811, 21, 8
104422, 1811, 38, 8
104422, 1811, 40, 8
104425, 1811, 1, 8
104425, 1811, 2, 8
104425, 1811, 3, 8
104425, 1811, 4, 8
104425, 1811, 5, 8
104425, 1811, 6, 8
104425, 1811, 7, 8
104425, 1811, 8, 8
104425, 1811, 9, 8
104425, 1811, 10, 8
104425, 1811, 11, 8
104425, 1811, 12, 8
104425, 1811, 14, 8
104425, 1811, 15, 8
104425, 1811, 21, 8
104425, 1811, 38, 8
104425, 1811, 40, 8
104429, 1814, 1
104429, 1814, 2
104429, 1814, 3
104429, 1814, 4
104429, 1814, 5
104429, 1814, 6
104429, 1814, 7
104429, 1814, 8
104429, 1814, 9
104429, 1814, 10
104429, 1814, 11
104429, 1814, 12
104429, 1814, 14
104429, 1814, 15
104429, 1814, 21
104429, 1814, 38
104429, 1814, 40
104430, 1811, 1, 8
104430, 1811, 2, 8
104430, 1811, 3, 8
104430, 1811, 4, 8
104430, 1811, 5, 8
104430, 1811, 6, 8
104430, 1811, 7, 8
104430, 1811, 8, 8
104430, 1811, 9, 8
104430, 1811, 10, 8
104430, 1811, 11, 8
104430, 1811, 12, 8
104430, 1811, 14, 8
104430, 1811, 15, 8
104430, 1811, 21, 8
104430, 1811, 38, 8
104430, 1811, 40, 8
104434, 1811, 1, 8
104434, 1811, 2, 8
104434, 1811, 3, 8
104434, 1811, 4, 8
104434, 1811, 5, 8
104434, 1811, 6, 8
104434, 1811, 7, 8
104434, 1811, 8, 8
104434, 1811, 9, 8
104434, 1811, 10, 8
104434, 1811, 11, 8
104434, 1811, 12, 8
104434, 1811, 14, 8
104434, 1811, 15, 8
104434, 1811, 21, 8
104434, 1811, 38, 8
104434, 1811, 40, 8
104438, 1814, 1
104438, 1814, 2
104438, 1814, 3
104438, 1814, 4
104438, 1814, 5
104438, 1814, 6
104438, 1814, 7
104438, 1814, 8
104438, 1814, 9
104438, 1814, 10
104438, 1814, 11
104438, 1814, 12
104438, 1814, 14
104438, 1814, 15
104438, 1814, 21
104438, 1814, 38
104438, 1814, 40
104439, 1811, 1, 8
104439, 1811, 2, 8
104439, 1811, 3, 8
104439, 1811, 4, 8
104439, 1811, 5, 8
104439, 1811, 6, 8
104439, 1811, 7, 8
104439, 1811, 8, 8
104439, 1811, 9, 8
104439, 1811, 10, 8
104439, 1811, 11, 8
104439, 1811, 12, 8
104439, 1811, 14, 8
104439, 1811, 15, 8
104439, 1811, 21, 8
104439, 1811, 38, 8
104439, 1811, 40, 8
104443, 1811, 1, 8
104443, 1811, 2, 8
104443, 1811, 3, 8
104443, 1811, 4, 8
104443, 1811, 5, 8
104443, 1811, 6, 8
104443, 1811, 7, 8
104443, 1811, 8, 8
104443, 1811, 9, 8
104443, 1811, 10, 8
104443, 1811, 11, 8
104443, 1811, 12, 8
104443, 1811, 14, 8
104443, 1811, 15, 8
104443, 1811, 21, 8
104443, 1811, 38, 8
104443, 1811, 40, 8
104447, 1814, 1
104447, 1814, 2
104447, 1814, 3
104447, 1814, 4
104447, 1814, 5
104447, 1814, 6
104447, 1814, 7
104447, 1814, 8
104447, 1814, 9
104447, 1814, 10
104447, 1814, 11
104447, 1814, 12
104447, 1814, 14
104447, 1814, 15
104447, 1814, 21
104447, 1814, 38
104447, 1814, 40
104458, 1809, 22
104458, 1809, 36
104458, 1809, 33
104458, 1809, 32
104458, 1809, 30
104458, 1809, 28
104458, 1809, 23
104458, 1809, 35
104458, 1809, 17
104458, 1809, 27
104458, 1809, 26
104458, 1809, 31
104458, 1809, 24
104458, 1809, 25
104458, 1809, 39
104458, 1809, 29
104458, 1809, 13
104458, 1809, 16
104458, 1809, 20
104458, 1809, 18
104458, 1809, 19
104458, 1809, 34
104458, 1809, 37
104474, 1811, 1, 8
104474, 1811, 2, 8
104474, 1811, 3, 8
104474, 1811, 4, 8
104474, 1811, 5, 8
104474, 1811, 6, 8
104474, 1811, 7, 8
104474, 1811, 8, 8
104474, 1811, 9, 8
104474, 1811, 10, 8
104474, 1811, 11, 8
104474, 1811, 12, 8
104474, 1811, 14, 8
104474, 1811, 15, 8
104474, 1811, 21, 8
104474, 1811, 38, 8
104474, 1811, 40, 8
104476, 1816, 1
104476, 1816, 2
104476, 1816, 3
104476, 1816, 4
104477, 1811, 1, 8
104477, 1811, 2, 8
104477, 1811, 3, 8
104477, 1811, 4, 8
104477, 1811, 5, 8
104477, 1811, 6, 8
104477, 1811, 7, 8
104477, 1811, 8, 8
104477, 1811, 9, 8
104477, 1811, 10, 8
104477, 1811, 11, 8
104477, 1811, 12, 8
104477, 1811, 14, 8
104477, 1811, 15, 8
104477, 1811, 21, 8
104477, 1811, 38, 8
104477, 1811, 40, 8
104481, 1814, 1
104481, 1814, 2
104481, 1814, 3
104481, 1814, 4
104481, 1814, 5
104481, 1814, 6
104481, 1814, 7
104481, 1814, 8
104481, 1814, 9
104481, 1814, 10
104481, 1814, 11
104481, 1814, 12
104481, 1814, 14
104481, 1814, 15
104481, 1814, 21
104481, 1814, 38
104481, 1814, 40
104482, 1811, 1, 8
104482, 1811, 2, 8
104482, 1811, 3, 8
104482, 1811, 4, 8
104482, 1811, 5, 8
104482, 1811, 6, 8
104482, 1811, 7, 8
104482, 1811, 8, 8
104482, 1811, 9, 8
104482, 1811, 10, 8
104482, 1811, 11, 8
104482, 1811, 12, 8
104482, 1811, 14, 8
104482, 1811, 15, 8
104482, 1811, 21, 8
104482, 1811, 38, 8
104482, 1811, 40, 8
104486, 1811, 1, 8
104486, 1811, 2, 8
104486, 1811, 3, 8
104486, 1811, 4, 8
104486, 1811, 5, 8
104486, 1811, 6, 8
104486, 1811, 7, 8
104486, 1811, 8, 8
104486, 1811, 9, 8
104486, 1811, 10, 8
104486, 1811, 11, 8
104486, 1811, 12, 8
104486, 1811, 14, 8
104486, 1811, 15, 8
104486, 1811, 21, 8
104486, 1811, 38, 8
104486, 1811, 40, 8
104490, 1814, 1
104490, 1814, 2
104490, 1814, 3
104490, 1814, 4
104490, 1814, 5
104490, 1814, 6
104490, 1814, 7
104490, 1814, 8
104490, 1814, 9
104490, 1814, 10
104490, 1814, 11
104490, 1814, 12
104490, 1814, 14
104490, 1814, 15
104490, 1814, 21
104490, 1814, 38
104490, 1814, 40
104491, 1811, 1, 8
104491, 1811, 2, 8
104491, 1811, 3, 8
104491, 1811, 4, 8
104491, 1811, 5, 8
104491, 1811, 6, 8
104491, 1811, 7, 8
104491, 1811, 8, 8
104491, 1811, 9, 8
104491, 1811, 10, 8
104491, 1811, 11, 8
104491, 1811, 12, 8
104491, 1811, 14, 8
104491, 1811, 15, 8
104491, 1811, 21, 8
104491, 1811, 38, 8
104491, 1811, 40, 8
104495, 1811, 1, 8
104495, 1811, 2, 8
104495, 1811, 3, 8
104495, 1811, 4, 8
104495, 1811, 5, 8
104495, 1811, 6, 8
104495, 1811, 7, 8
104495, 1811, 8, 8
104495, 1811, 9, 8
104495, 1811, 10, 8
104495, 1811, 11, 8
104495, 1811, 12, 8
104495, 1811, 14, 8
104495, 1811, 15, 8
104495, 1811, 21, 8
104495, 1811, 38, 8
104495, 1811, 40, 8
104499, 1814, 1
104499, 1814, 2
104499, 1814, 3
104499, 1814, 4
104499, 1814, 5
104499, 1814, 6
104499, 1814, 7
104499, 1814, 8
104499, 1814, 9
104499, 1814, 10
104499, 1814, 11
104499, 1814, 12
104499, 1814, 14
104499, 1814, 15
104499, 1814, 21
104499, 1814, 38
104499, 1814, 40
104501, 1817, 1
104501, 1817, 2
104501, 1817, 3
104501, 1817, 4
104526, 1811, 1, 8
104526, 1811, 2, 8
104526, 1811, 3, 8
104526, 1811, 4, 8
104526, 1811, 5, 8
104526, 1811, 6, 8
104526, 1811, 7, 8
104526, 1811, 8, 8
104526, 1811, 9, 8
104526, 1811, 10, 8
104526, 1811, 11, 8
104526, 1811, 12, 8
104526, 1811, 14, 8
104526, 1811, 15, 8
104526, 1811, 21, 8
104526, 1811, 38, 8
104526, 1811, 40, 8
104528, 1816, 1
104528, 1816, 2
104528, 1816, 3
104528, 1816, 4
104529, 1811, 1, 8
104529, 1811, 2, 8
104529, 1811, 3, 8
104529, 1811, 4, 8
104529, 1811, 5, 8
104529, 1811, 6, 8
104529, 1811, 7, 8
104529, 1811, 8, 8
104529, 1811, 9, 8
104529, 1811, 10, 8
104529, 1811, 11, 8
104529, 1811, 12, 8
104529, 1811, 14, 8
104529, 1811, 15, 8
104529, 1811, 21, 8
104529, 1811, 38, 8
104529, 1811, 40, 8
104533, 1814, 1
104533, 1814, 2
104533, 1814, 3
104533, 1814, 4
104533, 1814, 5
104533, 1814, 6
104533, 1814, 7
104533, 1814, 8
104533, 1814, 9
104533, 1814, 10
104533, 1814, 11
104533, 1814, 12
104533, 1814, 14
104533, 1814, 15
104533, 1814, 21
104533, 1814, 38
104533, 1814, 40
104534, 1811, 1, 8
104534, 1811, 2, 8
104534, 1811, 3, 8
104534, 1811, 4, 8
104534, 1811, 5, 8
104534, 1811, 6, 8
104534, 1811, 7, 8
104534, 1811, 8, 8
104534, 1811, 9, 8
104534, 1811, 10, 8
104534, 1811, 11, 8
104534, 1811, 12, 8
104534, 1811, 14, 8
104534, 1811, 15, 8
104534, 1811, 21, 8
104534, 1811, 38, 8
104534, 1811, 40, 8
104538, 1811, 1, 8
104538, 1811, 2, 8
104538, 1811, 3, 8
104538, 1811, 4, 8
104538, 1811, 5, 8
104538, 1811, 6, 8
104538, 1811, 7, 8
104538, 1811, 8, 8
104538, 1811, 9, 8
104538, 1811, 10, 8
104538, 1811, 11, 8
104538, 1811, 12, 8
104538, 1811, 14, 8
104538, 1811, 15, 8
104538, 1811, 21, 8
104538, 1811, 38, 8
104538, 1811, 40, 8
104542, 1814, 1
104542, 1814, 2
104542, 1814, 3
104542, 1814, 4
104542, 1814, 5
104542, 1814, 6
104542, 1814, 7
104542, 1814, 8
104542, 1814, 9
104542, 1814, 10
104542, 1814, 11
104542, 1814, 12
104542, 1814, 14
104542, 1814, 15
104542, 1814, 21
104542, 1814, 38
104542, 1814, 40
104543, 1811, 1, 8
104543, 1811, 2, 8
104543, 1811, 3, 8
104543, 1811, 4, 8
104543, 1811, 5, 8
104543, 1811, 6, 8
104543, 1811, 7, 8
104543, 1811, 8, 8
104543, 1811, 9, 8
104543, 1811, 10, 8
104543, 1811, 11, 8
104543, 1811, 12, 8
104543, 1811, 14, 8
104543, 1811, 15, 8
104543, 1811, 21, 8
104543, 1811, 38, 8
104543, 1811, 40, 8
104547, 1811, 1, 8
104547, 1811, 2, 8
104547, 1811, 3, 8
104547, 1811, 4, 8
104547, 1811, 5, 8
104547, 1811, 6, 8
104547, 1811, 7, 8
104547, 1811, 8, 8
104547, 1811, 9, 8
104547, 1811, 10, 8
104547, 1811, 11, 8
104547, 1811, 12, 8
104547, 1811, 14, 8
104547, 1811, 15, 8
104547, 1811, 21, 8
104547, 1811, 38, 8
104547, 1811, 40, 8
104551, 1814, 1
104551, 1814, 2
104551, 1814, 3
104551, 1814, 4
104551, 1814, 5
104551, 1814, 6
104551, 1814, 7
104551, 1814, 8
104551, 1814, 9
104551, 1814, 10
104551, 1814, 11
104551, 1814, 12
104551, 1814, 14
104551, 1814, 15
104551, 1814, 21
104551, 1814, 38
104551, 1814, 40
104553, 1817, 1
104553, 1817, 2
104553, 1817, 3
104553, 1817, 4
104578, 1811, 1, 8
104578, 1811, 2, 8
104578, 1811, 3, 8
104578, 1811, 4, 8
104578, 1811, 5, 8
104578, 1811, 6, 8
104578, 1811, 7, 8
104578, 1811, 8, 8
104578, 1811, 9, 8
104578, 1811, 10, 8
104578, 1811, 11, 8
104578, 1811, 12, 8
104578, 1811, 14, 8
104578, 1811, 15, 8
104578, 1811, 21, 8
104578, 1811, 38, 8
104578, 1811, 40, 8
104580, 1816, 1
104580, 1816, 2
104580, 1816, 3
104580, 1816, 4
104581, 1811, 1, 8
104581, 1811, 2, 8
104581, 1811, 3, 8
104581, 1811, 4, 8
104581, 1811, 5, 8
104581, 1811, 6, 8
104581, 1811, 7, 8
104581, 1811, 8, 8
104581, 1811, 9, 8
104581, 1811, 10, 8
104581, 1811, 11, 8
104581, 1811, 12, 8
104581, 1811, 14, 8
104581, 1811, 15, 8
104581, 1811, 21, 8
104581, 1811, 38, 8
104581, 1811, 40, 8
104585, 1814, 1
104585, 1814, 2
104585, 1814, 3
104585, 1814, 4
104585, 1814, 5
104585, 1814, 6
104585, 1814, 7
104585, 1814, 8
104585, 1814, 9
104585, 1814, 10
104585, 1814, 11
104585, 1814, 12
104585, 1814, 14
104585, 1814, 15
104585, 1814, 21
104585, 1814, 38
104585, 1814, 40
104586, 1811, 1, 8
104586, 1811, 2, 8
104586, 1811, 3, 8
104586, 1811, 4, 8
104586, 1811, 5, 8
104586, 1811, 6, 8
104586, 1811, 7, 8
104586, 1811, 8, 8
104586, 1811, 9, 8
104586, 1811, 10, 8
104586, 1811, 11, 8
104586, 1811, 12, 8
104586, 1811, 14, 8
104586, 1811, 15, 8
104586, 1811, 21, 8
104586, 1811, 38, 8
104586, 1811, 40, 8
104590, 1811, 1, 8
104590, 1811, 2, 8
104590, 1811, 3, 8
104590, 1811, 4, 8
104590, 1811, 5, 8
104590, 1811, 6, 8
104590, 1811, 7, 8
104590, 1811, 8, 8
104590, 1811, 9, 8
104590, 1811, 10, 8
104590, 1811, 11, 8
104590, 1811, 12, 8
104590, 1811, 14, 8
104590, 1811, 15, 8
104590, 1811, 21, 8
104590, 1811, 38, 8
104590, 1811, 40, 8
104594, 1814, 1
104594, 1814, 2
104594, 1814, 3
104594, 1814, 4
104594, 1814, 5
104594, 1814, 6
104594, 1814, 7
104594, 1814, 8
104594, 1814, 9
104594, 1814, 10
104594, 1814, 11
104594, 1814, 12
104594, 1814, 14
104594, 1814, 15
104594, 1814, 21
104594, 1814, 38
104594, 1814, 40
104595, 1811, 1, 8
104595, 1811, 2, 8
104595, 1811, 3, 8
104595, 1811, 4, 8
104595, 1811, 5, 8
104595, 1811, 6, 8
104595, 1811, 7, 8
104595, 1811, 8, 8
104595, 1811, 9, 8
104595, 1811, 10, 8
104595, 1811, 11, 8
104595, 1811, 12, 8
104595, 1811, 14, 8
104595, 1811, 15, 8
104595, 1811, 21, 8
104595, 1811, 38, 8
104595, 1811, 40, 8
104599, 1811, 1, 8
104599, 1811, 2, 8
104599, 1811, 3, 8
104599, 1811, 4, 8
104599, 1811, 5, 8
104599, 1811, 6, 8
104599, 1811, 7, 8
104599, 1811, 8, 8
104599, 1811, 9, 8
104599, 1811, 10, 8
104599, 1811, 11, 8
104599, 1811, 12, 8
104599, 1811, 14, 8
104599, 1811, 15, 8
104599, 1811, 21, 8
104599, 1811, 38, 8
104599, 1811, 40, 8
104603, 1814, 1
104603, 1814, 2
104603, 1814, 3
104603, 1814, 4
104603, 1814, 5
104603, 1814, 6
104603, 1814, 7
104603, 1814, 8
104603, 1814, 9
104603, 1814, 10
104603, 1814, 11
104603, 1814, 12
104603, 1814, 14
104603, 1814, 15
104603, 1814, 21
104603, 1814, 38
104603, 1814, 40
104605, 1817, 1
104605, 1817, 2
104605, 1817, 3
104605, 1817, 4
104630, 1811, 1, 8
104630, 1811, 2, 8
104630, 1811, 3, 8
104630, 1811, 4, 8
104630, 1811, 5, 8
104630, 1811, 6, 8
104630, 1811, 7, 8
104630, 1811, 8, 8
104630, 1811, 9, 8
104630, 1811, 10, 8
104630, 1811, 11, 8
104630, 1811, 12, 8
104630, 1811, 14, 8
104630, 1811, 15, 8
104630, 1811, 21, 8
104630, 1811, 38, 8
104630, 1811, 40, 8
104632, 1816, 1
104632, 1816, 2
104632, 1816, 3
104632, 1816, 4
104637, 1814, 1
104637, 1814, 2
104637, 1814, 3
104637, 1814, 4
104637, 1814, 5
104637, 1814, 6
104637, 1814, 7
104637, 1814, 8
104637, 1814, 9
104637, 1814, 10
104637, 1814, 11
104637, 1814, 12
104637, 1814, 14
104637, 1814, 15
104637, 1814, 21
104637, 1814, 38
104637, 1814, 40
104638, 1811, 1, 8
104638, 1811, 2, 8
104638, 1811, 3, 8
104638, 1811, 4, 8
104638, 1811, 5, 8
104638, 1811, 6, 8
104638, 1811, 7, 8
104638, 1811, 8, 8
104638, 1811, 9, 8
104638, 1811, 10, 8
104638, 1811, 11, 8
104638, 1811, 12, 8
104638, 1811, 14, 8
104638, 1811, 15, 8
104638, 1811, 21, 8
104638, 1811, 38, 8
104638, 1811, 40, 8
104642, 1811, 1, 8
104642, 1811, 2, 8
104642, 1811, 3, 8
104642, 1811, 4, 8
104642, 1811, 5, 8
104642, 1811, 6, 8
104642, 1811, 7, 8
104642, 1811, 8, 8
104642, 1811, 9, 8
104642, 1811, 10, 8
104642, 1811, 11, 8
104642, 1811, 12, 8
104642, 1811, 14, 8
104642, 1811, 15, 8
104642, 1811, 21, 8
104642, 1811, 38, 8
104642, 1811, 40, 8
104646, 1814, 1
104646, 1814, 2
104646, 1814, 3
104646, 1814, 4
104646, 1814, 5
104646, 1814, 6
104646, 1814, 7
104646, 1814, 8
104646, 1814, 9
104646, 1814, 10
104646, 1814, 11
104646, 1814, 12
104646, 1814, 14
104646, 1814, 15
104646, 1814, 21
104646, 1814, 38
104646, 1814, 40
104647, 1811, 1, 8
104647, 1811, 2, 8
104647, 1811, 3, 8
104647, 1811, 4, 8
104647, 1811, 5, 8
104647, 1811, 6, 8
104647, 1811, 7, 8
104647, 1811, 8, 8
104647, 1811, 9, 8
104647, 1811, 10, 8
104647, 1811, 11, 8
104647, 1811, 12, 8
104647, 1811, 14, 8
104647, 1811, 15, 8
104647, 1811, 21, 8
104647, 1811, 38, 8
104647, 1811, 40, 8
