Scenario, 1

Time, ActionID, Action Parameters...
104361, 1811, 17, 100
104362, 1811, 2, 100
104363, 1811, 0, 100
104365, 1811, 1, 100
104367, 1811, 5, 100
104367, 1814, 7
104367, 1814, 11
104367, 1809, 13
104367, 1814, 15
104367, 1814, 16
104367, 1814, 19
104367, 1814, 20
104367, 1809, 26
104367, 1809, 28
104367, 1814, 29
104367, 1814, 30
104367, 1809, 31
104367, 1809, 34
104367, 1809, 36
104367, 1814, 37
104368, 1815, 7
104368, 1815, 11
104368, 1815, 15
104368, 1815, 16
104368, 1815, 19
104368, 1815, 20
104368, 1815, 29
104368, 1815, 30
104368, 1815, 37
104369, 1808, 7
104369, 1808, 11
104369, 1808, 15
104369, 1808, 16
104369, 1808, 19
104369, 1808, 20
104369, 1808, 29
104369, 1808, 30
104369, 1808, 37
104370, 1809, 0
104370, 1809, 9
104370, 1814, 17
104370, 1809, 21
104370, 1809, 24
104370, 1814, 25
104370, 1814, 32
104370, 1814, 33
104370, 1814, 35
104370, 1814, 39
104370, 1816, 2
104371, 1814, 5
104371, 1814, 14
104371, 1815, 17
104371, 1814, 22
104371, 1815, 25
104371, 1815, 32
104371, 1815, 33
104371, 1815, 35
104371, 1815, 39
104371, 1814, 40
104372, 1810, 13
104372, 1810, 26
104372, 1810, 28
104372, 1810, 31
104372, 1810, 34
104372, 1810, 36
104373, 1811, 2, 100
104373, 1811, 3, 100
104373, 1807, 17
104373, 1807, 25
104373, 1807, 32
104373, 1807, 33
104373, 1807, 35
104373, 1807, 39
104375, 1810, 0
104375, 1809, 5
104375, 1810, 9
104375, 1809, 14
104375, 1810, 21
104375, 1809, 22
104375, 1810, 24
104375, 1809, 40
104375, 1816, 3
104375, 1816, 4
104376, 1814, 1
104376, 1814, 8
104376, 1811, 13, 100
104376, 1814, 23
104376, 1814, 27
104378, 1809, 0
104378, 1814, 2
104378, 1814, 3
104378, 1814, 4
104378, 1809, 9
104378, 1814, 13
104378, 1809, 21
104378, 1809, 24
104378, 1814, 26
104378, 1814, 28
104378, 1814, 31
104378, 1814, 34
104378, 1814, 36
104378, 1814, 38
104379, 1815, 13
104379, 1815, 26
104379, 1815, 28
104379, 1815, 31
104379, 1815, 34
104379, 1815, 36
104380, 1810, 5
104380, 1808, 13
104380, 1810, 14
104380, 1810, 22
104380, 1808, 26
104380, 1808, 28
104380, 1808, 31
104380, 1808, 34
104380, 1808, 36
104380, 1810, 40
104380, 1816, 1
104381, 1809, 1
104381, 1809, 8
104381, 1809, 23
104381, 1809, 27
104383, 1810, 0
104383, 1809, 5
104383, 1810, 9
104383, 1809, 14
104383, 1810, 21
104383, 1809, 22
104383, 1810, 24
104383, 1809, 40
104386, 1809, 0
104386, 1810, 1
104386, 1814, 2
104386, 1814, 3
104386, 1814, 4
104386, 1810, 8
104386, 1809, 9
104386, 1809, 21
104386, 1810, 23
104386, 1809, 24
104386, 1810, 27
104386, 1814, 38
104387, 1811, 2, 100
104389, 1809, 1
104389, 1810, 5
104389, 1809, 8
104389, 1810, 14
104389, 1810, 22
104389, 1809, 23
104389, 1809, 27
104389, 1810, 40
104391, 1814, 7
104391, 1814, 11
104391, 1814, 15
104391, 1814, 16
104391, 1814, 19
104391, 1814, 20
104391, 1814, 29
104391, 1814, 30
104391, 1814, 37
104392, 1810, 0
104392, 1809, 5
104392, 1806, 7
104392, 1810, 9
104392, 1806, 11
104392, 1809, 14
104392, 1806, 15
104392, 1806, 16
104392, 1806, 19
104392, 1806, 20
104392, 1810, 21
104392, 1809, 22
104392, 1810, 24
104392, 1806, 29
104392, 1806, 30
104392, 1806, 37
104392, 1809, 40
104392, 1817, 1
104393, 1814, 17
104393, 1814, 25
104393, 1814, 32
104393, 1814, 33
104393, 1814, 35
104393, 1814, 39
104394, 1814, 2
104394, 1814, 3
104394, 1814, 4
104394, 1806, 17
104394, 1806, 25
104394, 1806, 32
104394, 1806, 33
104394, 1806, 35
104394, 1814, 38
104394, 1806, 39
104395, 1810, 1
104395, 1809, 7
104395, 1810, 8
104395, 1809, 11
104395, 1809, 15
104395, 1809, 16
104395, 1809, 19
104395, 1809, 20
104395, 1810, 23
104395, 1810, 27
104395, 1809, 29
104395, 1809, 30
104395, 1809, 37
104396, 1814, 13
104396, 1811, 17, 100
104396, 1814, 26
104396, 1814, 28
104396, 1814, 31
104396, 1814, 34
104396, 1814, 36
104397, 1809, 0
104397, 1811, 2, 100
104397, 1810, 5
104397, 1809, 9
104397, 1810, 14
104397, 1809, 21
104397, 1810, 22
104397, 1809, 24
104397, 1810, 40
104398, 1817, 3
104398, 1817, 4
104400, 1806, 13
104400, 1806, 26
104400, 1806, 28
104400, 1806, 31
104400, 1806, 34
104400, 1806, 36
104401, 1810, 0
104401, 1815, 2
104401, 1815, 3
104401, 1815, 4
104401, 1811, 5, 100
104401, 1810, 9
104401, 1810, 21
104401, 1810, 24
104401, 1815, 38
104401, 1817, 2
104402, 1806, 2
104402, 1806, 3
104402, 1806, 4
104402, 1810, 7
104402, 1810, 11
104402, 1810, 15
104402, 1810, 16
104402, 1810, 19
104402, 1810, 20
104402, 1810, 29
104402, 1810, 30
104402, 1810, 37
104402, 1806, 38
104403, 1811, 1, 100
104405, 1811, 0, 100
104414, 1811, 17, 100
104414, 1811, 25, 100
104415, 1811, 2, 100
104416, 1811, 0, 100
104418, 1811, 1, 100
104420, 1811, 5, 100
104420, 1814, 7
104420, 1814, 11
104420, 1809, 13
104420, 1814, 15
104420, 1814, 16
104420, 1814, 19
104420, 1814, 20
104420, 1809, 26
104420, 1809, 28
104420, 1814, 29
104420, 1814, 30
104420, 1809, 31
104420, 1809, 34
104420, 1809, 36
104420, 1814, 37
104421, 1815, 7
104421, 1815, 11
104421, 1815, 15
104421, 1815, 16
104421, 1815, 19
104421, 1815, 20
104421, 1815, 29
104421, 1815, 30
104421, 1815, 37
104422, 1808, 7
104422, 1808, 11
104422, 1808, 15
104422, 1808, 16
104422, 1808, 19
104422, 1808, 20
104422, 1808, 29
104422, 1808, 30
104422, 1808, 37
104423, 1809, 0
104423, 1809, 9
104423, 1814, 17
104423, 1809, 21
104423, 1809, 24
104423, 1814, 25
104423, 1814, 32
104423, 1814, 33
104423, 1814, 35
104423, 1814, 39
104423, 1816, 2
104424, 1814, 5
104424, 1814, 14
104424, 1815, 17
104424, 1814, 22
104424, 1815, 25
104424, 1815, 32
104424, 1815, 33
104424, 1815, 35
104424, 1815, 39
104424, 1814, 40
104425, 1810, 13
104425, 1810, 26
104425, 1810, 28
104425, 1810, 31
104425, 1810, 34
104425, 1810, 36
104426, 1811, 2, 100
104426, 1811, 3, 100
104426, 1807, 17
104426, 1807, 25
104426, 1807, 32
104426, 1807, 33
104426, 1807, 35
104426, 1807, 39
104428, 1810, 0
104428, 1809, 5
104428, 1810, 9
104428, 1809, 14
104428, 1810, 21
104428, 1809, 22
104428, 1810, 24
104428, 1809, 40
104428, 1816, 3
104428, 1816, 4
104429, 1814, 1
104429, 1814, 8
104429, 1811, 13, 100
104429, 1814, 23
104429, 1814, 27
104431, 1809, 0
104431, 1814, 2
104431, 1814, 3
104431, 1814, 4
104431, 1809, 9
104431, 1814, 13
104431, 1809, 21
104431, 1809, 24
104431, 1814, 26
104431, 1814, 28
104431, 1814, 31
104431, 1814, 34
104431, 1814, 36
104431, 1814, 38
104432, 1815, 13
104432, 1815, 26
104432, 1815, 28
104432, 1815, 31
104432, 1815, 34
104432, 1815, 36
104433, 1810, 5
104433, 1808, 13
104433, 1810, 14
104433, 1810, 22
104433, 1808, 26
104433, 1808, 28
104433, 1808, 31
104433, 1808, 34
104433, 1808, 36
104433, 1810, 40
104433, 1816, 1
104434, 1809, 1
104434, 1809, 8
104434, 1809, 23
104434, 1809, 27
104436, 1810, 0
104436, 1809, 5
104436, 1810, 9
104436, 1809, 14
104436, 1810, 21
104436, 1809, 22
104436, 1810, 24
104436, 1809, 40
104439, 1809, 0
104439, 1810, 1
104439, 1814, 2
104439, 1814, 3
104439, 1814, 4
104439, 1810, 8
104439, 1809, 9
104439, 1809, 21
104439, 1810, 23
104439, 1809, 24
104439, 1810, 27
104439, 1814, 38
104440, 1811, 2, 100
104442, 1809, 1
104442, 1810, 5
104442, 1809, 8
104442, 1810, 14
104442, 1810, 22
104442, 1809, 23
104442, 1809, 27
104442, 1810, 40
104444, 1814, 7
104444, 1814, 11
104444, 1814, 15
104444, 1814, 16
104444, 1814, 19
104444, 1814, 20
104444, 1814, 29
104444, 1814, 30
104444, 1814, 37
104445, 1810, 0
104445, 1809, 5
104445, 1806, 7
104445, 1810, 9
104445, 1806, 11
104445, 1809, 14
104445, 1806, 15
104445, 1806, 16
104445, 1806, 19
104445, 1806, 20
104445, 1810, 21
104445, 1809, 22
104445, 1810, 24
104445, 1806, 29
104445, 1806, 30
104445, 1806, 37
104445, 1809, 40
104445, 1817, 1
104446, 1814, 17
104446, 1814, 25
104446, 1814, 32
104446, 1814, 33
104446, 1814, 35
104446, 1814, 39
104447, 1814, 2
104447, 1814, 3
104447, 1814, 4
104447, 1806, 17
104447, 1806, 25
104447, 1806, 32
104447, 1806, 33
104447, 1806, 35
104447, 1814, 38
104447, 1806, 39
104448, 1810, 1
104448, 1809, 7
104448, 1810, 8
104448, 1809, 11
104448, 1809, 15
104448, 1809, 16
104448, 1809, 19
104448, 1809, 20
104448, 1810, 23
104448, 1810, 27
104448, 1809, 29
104448, 1809, 30
104448, 1809, 37
